lat,long,date,time,region
5.4239,125.3801,13/07/2024,13:00:00,Region XI - Davao Region
5.5756,125.3528,12/07/2024,,Region XI - Davao Region
6.05,124.9167,12/26/2011,,Region XII - SOCCSKSARGEN
6.1068,124.4669,14/01/2023,00:00:00,Region XII - SOCCSKSARGEN
6.1113,125.514,13/02/2023,21:00:00,Region XII - SOCCSKSARGEN
6.1188,124.8792,10/17/2017,,Region XII - SOCCSKSARGEN
6.133,125.0245,08/22/2008,,Region XII - SOCCSKSARGEN
6.1458,124.8955,12/09/2010,,Region XII - SOCCSKSARGEN
6.199382401,124.8566407,01/12/2014,,Region XII - SOCCSKSARGEN
6.2245,124.7128,07/09/2017,,Region XII - SOCCSKSARGEN
6.2245,124.7128,04/10/2016,23:00:00,Region XII - SOCCSKSARGEN
6.2644,125.6678,07/30/2016,,Region XI - Davao Region
6.2793,124.7126,12/29/2018,,Region XII - SOCCSKSARGEN
6.2793,124.7126,04/10/2016,15:00:00,Region XII - SOCCSKSARGEN
6.3078,125.1286,13/07/2024,,Region XII - SOCCSKSARGEN
6.3314,124.9485,06/25/2015,,Region XII - SOCCSKSARGEN
6.3333,124.95,01/18/2011,,Region XII - SOCCSKSARGEN
6.3344,124.946,05/13/2012,,Region XII - SOCCSKSARGEN
6.355,126.1988,01/02/2024,,Region XI - Davao Region
6.3665,124.7338,05/26/2011,,Region XII - SOCCSKSARGEN
6.3666,124.7333,01/30/2011,,Region XII - SOCCSKSARGEN
6.3879,124.7962,01/18/2011,,Region XII - SOCCSKSARGEN
6.4111,124.8338,08/04/2013,,Region XII - SOCCSKSARGEN
6.4564,124.8763,12/28/2018,,Region XII - SOCCSKSARGEN
6.4737,125.0676,06/30/2014,,Region XII - SOCCSKSARGEN
6.4791,124.8142,10/04/2016,,Region XII - SOCCSKSARGEN
6.500821,124.843439,10/28/2016,,Region XII - SOCCSKSARGEN
6.500821,124.843439,28/10/2016,07:00:00,Region XII - SOCCSKSARGEN
6.503,124.7817,10/21/2013,,Region XII - SOCCSKSARGEN
6.5368,124.5618,05/19/2014,,Region XII - SOCCSKSARGEN
6.5478,125.3874,18/01/2024,18:00:00,Region XI - Davao Region
6.5697956,126.0946718,15/02/2023,,Region XI - Davao Region
6.6994,124.377,10/04/2022,08:00:00,Region XII - SOCCSKSARGEN
6.769806329,125.1815517,03/16/2011,,Region XI - Davao Region
6.76980633,125.1815517,09/07/2017,00:00:00,Region XI - Davao Region
6.7916,125.1489,11/24/2009,,Region XI - Davao Region
6.8426,125.4137,01/03/2015,,Region XI - Davao Region
6.8556,124.1437,27/10/2022,04:38:00,BARMM
6.8779,126.1703,31/01/2024,,Region XI - Davao Region
6.9264,122.0239,08/19/2013,,Region IX - Zamboanga Peninsula
6.9356,126.1826,30/01/2024,21:53:00,Region XI - Davao Region
6.9374,125.4141,08/15/2012,,Region XI - Davao Region
6.938,122.0088,28/06/2016,23:00:00,Region IX - Zamboanga Peninsula
6.9452,122.1066,08/04/2013,,Region IX - Zamboanga Peninsula
6.9523,126.1125,31/01/2024,07:03:00,Region XI - Davao Region
6.9577,126.2071,01/02/2024,10:16:00,Region XI - Davao Region
6.9865,125.1641,14/02/2023,11:00:00,Region XII - SOCCSKSARGEN
6.9894,122.1187,11/22/2013,,Region IX - Zamboanga Peninsula
6.9898,126.3173,02/26/2013,,Region XI - Davao Region
6.9928,126.1146,31/01/2024,03:00:00,Region XI - Davao Region
6.9971,121.9506,12/07/2024,15:00:00,Region IX - Zamboanga Peninsula
7.008,126.2853,27/12/2022,11:10:00,Region XI - Davao Region
7.0097,126.3196,30/01/2024,22:23:00,Region XI - Davao Region
7.0134,125.9914,31/01/2024,,Region XI - Davao Region
7.0225,125.2242,08/05/2015,,Region XII - SOCCSKSARGEN
7.0449,126.4497,01/11/2014,,Region XI - Davao Region
7.0587,125.569,16/12/2021,12:13:00,Region XI - Davao Region
7.0611,121.9325,01/24/2017,,Region IX - Zamboanga Peninsula
7.0653,125.6072,07/04/2011,,Region XI - Davao Region
7.0804,125.6147,02/16/2012,,Region XI - Davao Region
7.0815,126.1764,30/01/2024,19:58:00,Region XI - Davao Region
7.0815,126.1764,31/01/2024,14:32:00,Region XI - Davao Region
7.0897,124.1894,14/01/2023,,BARMM
7.094308,125.60468,12/30/2010,,Region XI - Davao Region
7.094308,125.60468,07/09/2017,18:00:00,Region XI - Davao Region
7.0965,121.9032,22/10/2024,03:30:00,Region IX - Zamboanga Peninsula
7.1083,126.0452,31/01/2024,,Region XI - Davao Region
7.1319,125.9453,16/01/2024,,Region XI - Davao Region
7.1355,124.0617,14/01/2023,,BARMM
7.1368,125.8874,18/01/2024,,Region XI - Davao Region
7.1426,125.4782,01/15/2009,,Region XI - Davao Region
7.1552,126.1627,31/01/2024,15:00:00,Region XI - Davao Region
7.1558,125.7542,20/07/2024,22:00:00,Region XI - Davao Region
7.1568,126.159,31/01/2024,10:01:00,Region XI - Davao Region
7.1675,121.935,08/03/2013,,Region IX - Zamboanga Peninsula
7.1733,124.2185,07/28/2013,,BARMM
7.174586159,125.6063053,01/05/2017,,Region XI - Davao Region
7.17458616,125.6063053,05/01/2017,14:00:00,Region XI - Davao Region
7.1904,124.5335,10/18/2010,,Region XII - SOCCSKSARGEN
7.1916,126.1086,04/22/2011,,Region XI - Davao Region
7.192836513,125.9690316,09/03/2010,,Region XI - Davao Region
7.192857627,125.969436,01/15/2012,,Region XI - Davao Region
7.2075,122.2299,08/04/2013,,Region IX - Zamboanga Peninsula
7.2195,125.465,01/24/2013,,Region XI - Davao Region
7.238,126.1248,31/01/2024,03:00:00,Region XI - Davao Region
7.253,125.3015,06/17/2014,,Region XI - Davao Region
7.2531,125.9906,25/12/2022,10:56:00,Region XI - Davao Region
7.2549,126.1557,01/17/2011,,Region XI - Davao Region
7.257,126.1579,01/14/2012,,Region XI - Davao Region
7.2641,126.0889,02/02/2024,14:00:00,Region XI - Davao Region
7.2721,125.984,31/01/2024,12:30:00,Region XI - Davao Region
7.2721,125.984,31/01/2024,15:34:00,Region XI - Davao Region
7.2757,126.1169,31/01/2024,09:00:00,Region XI - Davao Region
7.2812,126.2358,16/01/2024,,Region XI - Davao Region
7.2815,126.4951,16/01/2024,,Region XI - Davao Region
7.2871,126.1451,27/12/2022,09:41:00,Region XI - Davao Region
7.2871,126.1451,16/01/2024,,Region XI - Davao Region
7.294,126.1039,18/01/2024,19:40:00,Region XI - Davao Region
7.294,126.1039,18/01/2024,,Region XI - Davao Region
7.3011,125.9712,25/12/2022,10:56:00,Region XI - Davao Region
7.3182,126.0779,18/01/2024,21:00:00,Region XI - Davao Region
7.3186,125.2738,01/02/2024,22:57:00,Region XI - Davao Region
7.3306,126.5158,17/01/2024,04:55:00,Region XI - Davao Region
7.3313,126.4822,15/01/2024,,Region XI - Davao Region
7.3411,126.2278,18/01/2024,15:00:00,Region XI - Davao Region
7.3411,126.2278,19/12/2023,04:00:00,Region XI - Davao Region
7.3521,126.1544,08/31/2010,,Region XI - Davao Region
7.357,125.906,15/01/2024,,Region XI - Davao Region
7.3575,125.8802,26/12/2022,05:20:00,Region XI - Davao Region
7.3594,126.1518,18/01/2024,17:00:00,Region XI - Davao Region
7.36,122.1865,05/25/2011,,Region IX - Zamboanga Peninsula
7.3667,125.85,01/11/2014,,Region XI - Davao Region
7.3678,126.1487,25/01/2023,22:57:00,Region XI - Davao Region
7.3678,126.1487,16/01/2024,,Region XI - Davao Region
7.3707,125.8859,31/01/2024,,Region XI - Davao Region
7.3725,126.1401,05/04/2022,20:52:00,Region XI - Davao Region
7.375,125.87,05/19/2011,,Region XI - Davao Region
7.3773,126.0266,24/01/2023,21:08:00,Region XI - Davao Region
7.3773,126.0266,31/01/2024,,Region XI - Davao Region
7.384,126.147,16/01/2024,,Region XI - Davao Region
7.3866,126.1134,25/01/2023,09:25:00,Region XI - Davao Region
7.3866,126.1134,16/01/2024,,Region XI - Davao Region
7.3911,125.975,31/01/2024,11:00:00,Region XI - Davao Region
7.3911,125.975,25/12/2022,08:24:00,Region XI - Davao Region
7.4009,126.0264,14/01/2023,04:00:00,Region XI - Davao Region
7.4021,126.5028,15/01/2024,,Region XI - Davao Region
7.4022,126.5511,15/01/2024,05:05:00,Region XI - Davao Region
7.4035,126.0136,25/12/2022,00:00:00,Region XI - Davao Region
7.4041,126.0569,15/01/2024,,Region XI - Davao Region
7.4086,126.1287,18/12/2023,09:00:00,Region XI - Davao Region
7.4086,126.1287,18/01/2024,,Region XI - Davao Region
7.4117,126.112,25/01/2023,14:50:00,Region XI - Davao Region
7.4117,126.112,16/01/2024,,Region XI - Davao Region
7.4149,125.9845,25/01/2023,11:28:00,Region XI - Davao Region
7.4149,125.9845,18/02/2023,09:48:00,Region XI - Davao Region
7.4149,125.9845,15/01/2024,,Region XI - Davao Region
7.4166,126.0011,01/10/2014,,Region XI - Davao Region
7.4178,126.0526,08/01/2023,11:54:00,Region XI - Davao Region
7.4178,126.0526,15/01/2024,,Region XI - Davao Region
7.4211,126.4088,15/01/2024,,Region XI - Davao Region
7.4238,125.976,15/01/2024,,Region XI - Davao Region
7.4256,126.491,18/01/2024,07:00:00,Region XI - Davao Region
7.4528,125.8953,31/01/2024,,Region XI - Davao Region
7.4571,126.1706,19/12/2023,,Region XI - Davao Region
7.4763,125.8721,31/01/2024,,Region XI - Davao Region
7.4804,126.0321,16/01/2024,,Region XI - Davao Region
7.4858,125.9097,27/01/2023,21:42:00,Region XI - Davao Region
7.4858,125.9097,15/01/2024,,Region XI - Davao Region
7.4903,125.2586,06/09/2012,,Region XI - Davao Region
7.4943,122.3435,10/08/2013,,Region IX - Zamboanga Peninsula
7.5065,125.8948,16/01/2024,,Region XI - Davao Region
7.5075,126.102,31/01/2024,15:00:00,Region XI - Davao Region
7.5088,125.9207,24/01/2023,22:56:00,Region XI - Davao Region
7.513007,125.917248,10/23/2016,,Region XI - Davao Region
7.513007,125.917248,23/10/2016,20:00:00,Region XI - Davao Region
7.5154,126.0358,16/01/2024,,Region XI - Davao Region
7.5418,125.2141,06/04/2022,,Region X - Northern Mindanao
7.5429,126.074,25/01/2023,05:54:00,Region XI - Davao Region
7.5429,126.074,05/04/2022,21:15:00,Region XI - Davao Region
7.5429,126.074,15/01/2024,,Region XI - Davao Region
7.5621,125.9279,31/01/2024,10:00:00,Region XI - Davao Region
7.578214838,125.8334627,01/24/2017,,Region XI - Davao Region
7.582,125.9329,15/01/2024,,Region XI - Davao Region
7.5833,125.8333,01/11/2014,,Region XI - Davao Region
7.5836,126.0094,16/01/2024,,Region XI - Davao Region
7.5842,125.8331,02/17/2013,,Region XI - Davao Region
7.5973,126.0908,15/01/2024,,Region XI - Davao Region
7.5984,125.9424,18/01/2024,,Region XI - Davao Region
7.6,125.9667,09/08/2009,,Region XI - Davao Region
7.601,125.9643,16/01/2024,,Region XI - Davao Region
7.602,126.1371,15/01/2024,,Region XI - Davao Region
7.604043152,125.8670267,05/24/2017,,Region XI - Davao Region
7.6109,126.125,15/01/2024,,Region XI - Davao Region
7.6195,125.6278,01/14/2012,,Region XI - Davao Region
7.6228,125.9408,16/01/2024,,Region XI - Davao Region
7.6333,125.0167,07/28/2013,,Region X - Northern Mindanao
7.6483,125.6118,06/24/2011,,Region XI - Davao Region
7.6483,125.6118,17/08/2015,18:00:00,Region XI - Davao Region
7.653,122.9479,10/18/2010,,Region IX - Zamboanga Peninsula
7.6632,125.7011,05/24/2011,,Region XI - Davao Region
7.674494083,125.8603905,01/24/2017,,Region XI - Davao Region
7.6805,125.2236,08/17/2008,,Region X - Northern Mindanao
7.6844,126.1114,16/01/2024,04:00:00,Region XI - Davao Region
7.6844,126.1114,18/12/2023,12:30:00,Region XI - Davao Region
7.6844,126.1114,18/02/2023,08:00:00,Region XI - Davao Region
7.7026,126.2305,16/01/2024,08:30:00,Region XI - Davao Region
7.704271157,126.1419759,08/29/2013,,Region XI - Davao Region
7.704506691,126.142273,11/24/2009,,Region XI - Davao Region
7.7158,126.1043,16/01/2024,,Region XI - Davao Region
7.718,126.0436,05/30/2013,,Region XI - Davao Region
7.7211,125.1335,09/01/2014,,Region X - Northern Mindanao
7.7276,125.992,18/01/2024,15:00:00,Region XI - Davao Region
7.7299,125.0989,07/16/2011,,Region X - Northern Mindanao
7.7331,125.9659,16/01/2024,11:00:00,Region XI - Davao Region
7.7344,125.0969,06/05/2013,,Region X - Northern Mindanao
7.7352,126.5023,29/01/2023,,Region XI - Davao Region
7.736255099,125.5214687,12/17/2010,,Region XI - Davao Region
7.7364,123.0608,22/10/2015,02:00:00,Region IX - Zamboanga Peninsula
7.7421,125.7638,17/01/2023,,Region XI - Davao Region
7.743877992,125.669611,08/27/2011,,Region XI - Davao Region
7.7474,126.0533,31/01/2024,17:50:00,Region XI - Davao Region
7.7509,125.8158,19/01/2024,16:00:00,Region XI - Davao Region
7.7541,123.1157,12/07/2024,17:15:00,Region IX - Zamboanga Peninsula
7.7547,125.9505,16/01/2024,13:21:00,Region XI - Davao Region
7.7547,125.9505,19/01/2024,10:00:00,Region XI - Davao Region
7.7592,126.0093,15/01/2024,06:30:00,Region XI - Davao Region
7.7853,124.6808,12/07/2024,21:00:00,BARMM
7.7914,126.0241,29/01/2024,08:00:00,Region XI - Davao Region
7.794,126.1632,11/05/2016,,Region XI - Davao Region
7.7946,124.1672,16/12/2021,15:48:00,BARMM
7.796861888,126.1657482,09/06/2008,,Region XI - Davao Region
7.8127,126.1846,18/02/2023,,Region XI - Davao Region
7.817297945,126.049799,01/13/2012,,Region XI - Davao Region
7.8175,126.1113,07/01/2023,08:52:00,Region XI - Davao Region
7.8175,126.1113,23/01/2023,07:32:00,Region XI - Davao Region
7.8177,126.0499,10/08/2009,,Region XI - Davao Region
7.8197,126.1773,18/02/2023,10:00:00,Region XI - Davao Region
7.82217276,126.1463682,02/23/2013,,Region XI - Davao Region
7.8222,126.0528,29/01/2024,12:20:00,Region XI - Davao Region
7.8222,126.0528,31/01/2024,13:03:00,Region XI - Davao Region
7.8232,126.1769,16/01/2024,11:50:00,Region XI - Davao Region
7.8232,126.1769,18/01/2024,09:00:00,Region XI - Davao Region
7.8232,126.1769,18/01/2024,12:13:00,Region XI - Davao Region
7.8232,126.1769,31/01/2024,13:31:00,Region XI - Davao Region
7.8232,126.1769,11/01/2023,,Region XI - Davao Region
7.824,126.034,16/01/2024,07:40:00,Region XI - Davao Region
7.824,126.034,16/01/2024,07:00:00,Region XI - Davao Region
7.824426765,126.1489178,01/02/2011,,Region XI - Davao Region
7.8266,126.4012,29/01/2024,23:00:00,Region XI - Davao Region
7.8266,126.4012,30/01/2024,06:53:00,Region XI - Davao Region
7.8266,126.4012,16/01/2024,,Region XI - Davao Region
7.8273,126.1332,18/02/2023,,Region XI - Davao Region
7.8354,125.3915,10/02/2016,,Region X - Northern Mindanao
7.8383,123.2967,01/13/2014,,Region IX - Zamboanga Peninsula
7.8407,126.3708,29/01/2023,,Region XI - Davao Region
7.8407,126.3708,16/01/2024,,Region XI - Davao Region
7.8413,125.9816,18/02/2023,09:45:00,Region XI - Davao Region
7.8471,126.0509,10/08/2009,,Region XI - Davao Region
7.8474,126.0938,12/26/2008,,Region XI - Davao Region
7.8501,125.7249,02/02/2024,08:00:00,Region XI - Davao Region
7.8516,125.759,18/01/2024,10:00:00,Region XI - Davao Region
7.8613,126.3342,16/01/2024,,Region XI - Davao Region
7.8675,123.3647,07/16/2011,,Region IX - Zamboanga Peninsula
7.8694,126.3755,29/01/2024,10:52:00,Region XI - Davao Region
7.8694,126.3755,16/01/2024,,Region XI - Davao Region
7.8705,126.3235,08/19/2013,,Region XI - Davao Region
7.8757,126.335,29/01/2023,,Region XI - Davao Region
7.8757,126.335,16/01/2024,,Region XI - Davao Region
7.8805,125.7036,17/01/2024,13:25:00,Region XI - Davao Region
7.8805,125.7036,17/01/2023,,Region XI - Davao Region
7.8889,126.0797,16/01/2024,04:00:00,Region XI - Davao Region
7.8899,125.7733,15/01/2024,20:00:00,Region XI - Davao Region
7.891,126.0626,18/02/2023,08:00:00,Region XI - Davao Region
7.8949,126.2876,16/01/2024,,Region XI - Davao Region
7.8966,125.9003,16/01/2024,10:08:00,Region XI - Davao Region
7.8998,123.7741,07/30/2011,,Region X - Northern Mindanao
7.9007,123.7741,08/15/2012,,Region X - Northern Mindanao
7.9015,123.7719,07/27/2011,,Region X - Northern Mindanao
7.9035,125.3449,12/29/2014,,Region X - Northern Mindanao
7.9046,123.7227,12/27/2011,,Region X - Northern Mindanao
7.909,125.795,16/01/2024,06:06:00,Region XI - Davao Region
7.909,125.7954,17/01/2023,,Region XI - Davao Region
7.9105,126.3509,31/01/2024,14:50:00,Region XI - Davao Region
7.9105,126.3509,29/01/2023,,Region XI - Davao Region
7.9105,126.3509,16/01/2024,,Region XI - Davao Region
7.9196,124.1784,15/01/2023,,BARMM
7.9204,125.8072,17/01/2023,,Region XI - Davao Region
7.9216,125.1666,12/27/2011,,Region X - Northern Mindanao
7.92237225,126.270676,01/17/2011,,Region XI - Davao Region
7.9235,126.2174,16/01/2024,,Region XI - Davao Region
7.9285,126.0766,03/02/2024,08:30:00,Region XI - Davao Region
7.939,125.7438,17/01/2023,,Region XI - Davao Region
7.9436,125.903,03/02/2024,,Region XIII - Caraga
7.9436,125.2441,11/24/2009,,Region X - Northern Mindanao
7.9473,125.7065,17/01/2023,,Region XI - Davao Region
7.9505,126.3561,01/02/2024,,Region XIII - Caraga
7.9622,125.8333,17/01/2023,,Region XIII - Caraga
7.9622,125.8333,24/01/2023,,Region XIII - Caraga
7.9668,125.7551,15/01/2024,22:05:00,Region XI - Davao Region
7.9668,125.7551,18/12/2023,,Region XI - Davao Region
7.9756,122.3698,08/21/2015,,Region IX - Zamboanga Peninsula
7.9783,125.8528,16/01/2024,07:00:00,Region XI - Davao Region
7.9869,125.9357,31/01/2024,,Region XIII - Caraga
7.9876,125.8821,01/02/2024,,Region XIII - Caraga
7.989,126.1814,02/01/2024,07:50:00,Region XI - Davao Region
7.989,126.1814,05/04/2022,20:00:00,Region XI - Davao Region
7.9978,122.8157,10/08/2009,,Region IX - Zamboanga Peninsula
8.0101,126.1242,02/02/2024,08:42:00,Region XIII - Caraga
8.0101,126.1242,05/04/2022,21:00:00,Region XIII - Caraga
8.0189,126.0933,02/02/2024,08:42:00,Region XIII - Caraga
8.0209,125.9137,01/02/2024,,Region XIII - Caraga
8.0211,126.1614,31/01/2024,16:28:00,Region XIII - Caraga
8.0211,124.3133,08/13/2015,,BARMM
8.024,125.6215,01/02/2024,18:00:00,Region XIII - Caraga
8.0257,125.9137,01/02/2024,,Region XIII - Caraga
8.0274,125.8927,01/02/2024,08:00:00,Region XIII - Caraga
8.0318,126.3209,01/02/2024,,Region XIII - Caraga
8.0403,126.1334,02/01/2024,13:59:00,Region XIII - Caraga
8.041,124.8219,13/01/2023,17:00:00,Region X - Northern Mindanao
8.0445,126.063,29/01/2024,09:30:00,Region XIII - Caraga
8.0539,126.4037,02/20/2012,,Region XIII - Caraga
8.0558,125.878,01/02/2024,,Region XIII - Caraga
8.0721,125.9549,01/02/2024,,Region XIII - Caraga
8.091,126.3892,01/02/2024,,Region XIII - Caraga
8.1052,122.9965,11/01/2023,,Region IX - Zamboanga Peninsula
8.1469,125.137,01/14/2011,,Region X - Northern Mindanao
8.1484,123.8296,09/17/2014,,Region X - Northern Mindanao
8.1594,126.0106,16/01/2024,,Region XIII - Caraga
8.1788,125.9934,16/01/2024,,Region XIII - Caraga
8.2093,123.2108,28/10/2022,,Region IX - Zamboanga Peninsula
8.2101,126.2848,01/11/2009,,Region XIII - Caraga
8.2249,123.1103,27/10/2022,23:00:00,Region IX - Zamboanga Peninsula
8.237,125.7801,01/02/2024,,Region XIII - Caraga
8.2412,123.1444,14/02/2023,,Region IX - Zamboanga Peninsula
8.2629,123.0672,28/10/2022,,Region IX - Zamboanga Peninsula
8.3414,126.1186,02/02/2024,,Region XIII - Caraga
8.361576284,124.4153091,01/08/2017,,Region X - Northern Mindanao
8.3886,123.1689,10/18/2010,,Region IX - Zamboanga Peninsula
8.391,123.2096,14/02/2023,,Region IX - Zamboanga Peninsula
8.4139,123.1904,14/02/2023,,Region IX - Zamboanga Peninsula
8.4359,124.5196,11/24/2009,,Region X - Northern Mindanao
8.44,126.34,11/20/2008,,Region XIII - Caraga
8.4406,124.7212,08/19/2013,,Region X - Northern Mindanao
8.4552,124.6318,12/17/2011,,Region X - Northern Mindanao
8.4719,123.1295,11/01/2023,,Region IX - Zamboanga Peninsula
8.473637355,124.6312444,01/15/2017,,Region X - Northern Mindanao
8.479,123.3227,16/02/2023,07:00:00,Region IX - Zamboanga Peninsula
8.4814,123.2198,02/02/2015,,Region IX - Zamboanga Peninsula
8.4814,123.2198,02/02/2015,10:00:00,Region IX - Zamboanga Peninsula
8.48956,8.48956,13/07/2024,17:39:00,Region Not Found
8.4933,125.7312,30/01/2024,08:15:00,Region XIII - Caraga
8.4966,123.3034,02/22/2013,,Region IX - Zamboanga Peninsula
8.4966,123.3034,01/19/2012,,Region IX - Zamboanga Peninsula
8.4984,123.3032,11/04/2010,,Region IX - Zamboanga Peninsula
8.4993,125.7367,01/02/2024,02:25:00,Region XIII - Caraga
8.5008,124.4309,11/24/2008,,Region X - Northern Mindanao
8.504,126.1736,02/25/2013,,Region XIII - Caraga
8.504,126.1736,22/04/2016,23:00:00,Region XIII - Caraga
8.5055,125.7407,01/18/2010,,Region XIII - Caraga
8.5069,124.7537,07/04/2022,08:00:00,Region X - Northern Mindanao
8.5091,123.2981,11/16/2011,,Region IX - Zamboanga Peninsula
8.5138,123.3022,10/08/2009,,Region IX - Zamboanga Peninsula
8.5367,124.7997,01/17/2014,,Region X - Northern Mindanao
8.5419,124.763,09/17/2014,,Region X - Northern Mindanao
8.5544,123.365,14/02/2023,,Region IX - Zamboanga Peninsula
8.5559,126.0836,01/02/2024,09:00:00,Region XIII - Caraga
8.5568,123.6451,06/04/2022,03:00:00,Region X - Northern Mindanao
8.572,125.4908,01/30/2011,,Region XIII - Caraga
8.577,124.785,11/24/2008,,Region X - Northern Mindanao
8.5854,125.7405,31/01/2024,,Region XIII - Caraga
8.5854,125.7405,18/12/2023,,Region XIII - Caraga
8.6006,123.433,14/02/2023,23:00:00,Region IX - Zamboanga Peninsula
8.6068,124.8964,07/26/2014,,Region X - Northern Mindanao
8.6251,125.9211,01/13/2014,,Region XIII - Caraga
8.647001607,124.7749346,10/16/2011,,Region X - Northern Mindanao
8.6542,124.7556,11/24/2009,,Region X - Northern Mindanao
8.7031,124.7439,07/04/2015,,Region X - Northern Mindanao
8.7089,125.5906,16/12/2021,,Region XIII - Caraga
8.7102,125.7217,19/12/2023,,Region XIII - Caraga
8.7122,124.7653,01/16/2011,,Region X - Northern Mindanao
8.7689,125.7137,18/12/2023,,Region XIII - Caraga
8.8152,124.8293,11/24/2009,,Region X - Northern Mindanao
8.8259,125.6261,19/12/2021,16:00:00,Region XIII - Caraga
8.8483,125.5276,17/12/2021,10:00:00,Region XIII - Caraga
8.8599,125.5892,01/02/2024,12:30:00,Region XIII - Caraga
8.8604,124.7893,11/24/2009,,Region X - Northern Mindanao
8.9167,125.6435,18/02/2023,00:28:00,Region XIII - Caraga
8.9167,125.6435,15/01/2023,,Region XIII - Caraga
8.9196,124.7837,11/24/2009,,Region X - Northern Mindanao
8.9297,125.5083,15/01/2023,,Region XIII - Caraga
8.932,125.6598,18/02/2023,04:23:00,Region XIII - Caraga
8.932,125.6598,18/12/2021,05:50:00,Region XIII - Caraga
8.932,125.6598,15/01/2023,,Region XIII - Caraga
8.9458,125.5319,10/12/2011,,Region XIII - Caraga
8.9626,124.8514,03/19/2014,,Region X - Northern Mindanao
8.991165,124.891843,03/09/2017,,Region X - Northern Mindanao
8.991165,124.891843,09/03/2017,07:00:00,Region X - Northern Mindanao
9.0573,125.225,11/01/2023,,Region XIII - Caraga
9.1196,125.5339,01/07/2011,,Region XIII - Caraga
9.2038,123.596,07/28/2011,,Region VII - Central Visayas
9.2171,126.1466,03/19/2011,,Region XIII - Caraga
9.234,126.1696,01/09/2015,,Region XIII - Caraga
9.2519,122.8749,13/07/2024,01:00:00,Region VII - Central Visayas
9.2519,122.8749,13/07/2024,01:00:00,Region VII - Central Visayas
9.2774,122.8787,10/05/2013,,Region VII - Central Visayas
9.2829,123.2449,11/17/2011,,Region VII - Central Visayas
9.29,123.226,07/15/2010,,Region VII - Central Visayas
9.3059,125.8571,12/10/2010,,Region XIII - Caraga
9.309786719,123.2109112,07/29/2013,,Region VII - Central Visayas
9.30978672,123.2109112,24/05/2017,00:00:00,Region VII - Central Visayas
9.3591,122.8211,01/10/2012,,Region VII - Central Visayas
9.3881,122.7181,10/05/2013,,Region VII - Central Visayas
9.4455,122.5888,24/07/2023,,Region VI - Western Visayas
9.4966,125.4364,13/01/2023,,Region XIII - Caraga
9.543,125.4427,03/17/2011,,Region XIII - Caraga
9.5497,122.8812,12/10/2010,,Region VII - Central Visayas
9.573,122.5833,10/07/2013,,Region VI - Western Visayas
9.5887,125.4111,27/10/2022,12:00:00,Region XIII - Caraga
9.5898,125.5602,13/01/2023,,Region XIII - Caraga
9.60397,124.273652,01/14/2017,,Region VII - Central Visayas
9.60397,124.273652,17/10/2017,20:00:00,Region VII - Central Visayas
9.6224,124.2986,10/16/2011,,Region VII - Central Visayas
9.6389,124.0367,01/25/2011,,Region VII - Central Visayas
9.6514,124.3655,05/04/2011,,Region VII - Central Visayas
9.6515,124.3656,08/19/2013,,Region VII - Central Visayas
9.653,125.6041,12/01/2023,,Region XIII - Caraga
9.667669077,124.2731644,10/16/2011,,Region VII - Central Visayas
9.6811,118.5489,07/04/2015,,Region IV-B - MIMAROPA
9.6811,118.5489,04/07/2015,17:00:00,Region IV-B - MIMAROPA
9.6941,125.5523,01/23/2011,,Region XIII - Caraga
9.7177,124.3378,07/04/2011,,Region VII - Central Visayas
9.7184,125.6354,08/01/2023,,Region XIII - Caraga
9.7244,125.4203,01/23/2011,,Region XIII - Caraga
9.7425,122.4932,30/05/2023,,Region VI - Western Visayas
9.7425,122.4932,28/10/2022,,Region VI - Western Visayas
9.7457,125.3973,17/07/2024,15:00:00,Region XIII - Caraga
9.7534,122.4786,06/24/2011,,Region VI - Western Visayas
9.7548,123.3459,08/15/2012,,Region VII - Central Visayas
9.7619,125.5045,17/11/2023,,Region XIII - Caraga
9.77418431,123.5297419,05/04/2017,04:00:00,Region VII - Central Visayas
9.774184314,123.5297419,06/09/2011,,Region VII - Central Visayas
9.789939,125.485592,11/27/2016,,Region XIII - Caraga
9.789939,125.485592,27/11/2016,07:00:00,Region XIII - Caraga
9.8011,124.2467,07/28/2011,,Region VII - Central Visayas
9.8089,124.4541,11/01/2023,15:00:00,Region VII - Central Visayas
9.8123,122.4486,26/10/2022,,Region VI - Western Visayas
9.826,125.6095,10/08/2009,,Region XIII - Caraga
9.8439,124.4318,11/01/2023,18:00:00,Region VII - Central Visayas
9.8641,124.4633,13/01/2023,,Region VII - Central Visayas
9.8796,124.4241,13/01/2023,,Region VII - Central Visayas
9.8946,124.4726,13/01/2023,,Region VII - Central Visayas
9.8964,123.42,10/08/2009,,Region VII - Central Visayas
9.9253,125.0796,26/10/2022,,Region VIII - Eastern Visayas
9.9309,125.2966,26/10/2022,,Region VIII - Eastern Visayas
9.9323,122.6042,14/02/2023,16:00:00,Region VI - Western Visayas
9.94928114,118.8014459,10/04/2016,,Region IV-B - MIMAROPA
9.94928114,118.8014459,28/05/2017,22:00:00,Region IV-B - MIMAROPA
9.9532,125.6079,11/01/2023,,Region XIII - Caraga
9.9593,125.5911,15/01/2023,,Region XIII - Caraga
9.9781,125.2745,29/10/2022,09:36:00,Region VIII - Eastern Visayas
9.986,118.967,18/12/2021,,Region IV-B - MIMAROPA
9.998,118.999,18/12/2021,,Region IV-B - MIMAROPA
10.0093,125.5747,11/01/2023,,Region XIII - Caraga
10.015,119.0718,17/12/2021,,Region IV-B - MIMAROPA
10.0291,119.1234,17/12/2021,,Region IV-B - MIMAROPA
10.0296,125.017,18/02/2023,,Region VIII - Eastern Visayas
10.03714,123.4795419,01/13/2017,,Region VII - Central Visayas
10.0599,125.6266,10/15/2016,,Region XIII - Caraga
10.0649,119.1983,17/12/2021,,Region IV-B - MIMAROPA
10.0692,125.6036,01/13/2014,,Region XIII - Caraga
10.0705,125.6072,15/01/2023,,Region XIII - Caraga
10.0738,125.0228,18/02/2023,,Region VIII - Eastern Visayas
10.0738,125.0228,29/10/2022,,Region VIII - Eastern Visayas
10.0747,125.5672,05/27/2011,,Region XIII - Caraga
10.0884,124.981,08/18/2013,,Region VIII - Eastern Visayas
10.094,124.9983,29/10/2022,,Region VIII - Eastern Visayas
10.1,125.6,01/04/2010,,Region XIII - Caraga
10.1068,125.2161,26/10/2022,,Region VIII - Eastern Visayas
10.1206,124.9247,29/10/2022,,Region VIII - Eastern Visayas
10.1654,124.8406,18/07/2024,,Region VIII - Eastern Visayas
10.177,124.8728,29/10/2022,,Region VIII - Eastern Visayas
10.182,123.6703,06/30/2015,,Region VII - Central Visayas
10.1821,124.8379,10/04/2022,12:00:00,Region VIII - Eastern Visayas
10.1833,123.6833,10/15/2010,,Region VII - Central Visayas
10.1943788,123.564923,01/15/2017,,Region VII - Central Visayas
10.1986,124.8729,29/10/2022,,Region VIII - Eastern Visayas
10.1999,123.7215,12/12/2010,,Region VII - Central Visayas
10.2143,125.5872,01/27/2011,,Region XIII - Caraga
10.2162,124.8761,10/04/2022,12:00:00,Region VIII - Eastern Visayas
10.232,123.7294,08/17/2015,,Region VII - Central Visayas
10.2443,123.8332,01/05/2012,,Region VII - Central Visayas
10.2451,123.8332,10/16/2016,,Region VII - Central Visayas
10.2463,124.8773,29/10/2022,,Region VIII - Eastern Visayas
10.2714,123.8476,10/06/2014,,Region VII - Central Visayas
10.2736,123.818,08/24/2010,,Region VII - Central Visayas
10.2754,123.8252,10/16/2010,,Region VII - Central Visayas
10.2813,123.8257,01/08/2016,22:00:00,Region VII - Central Visayas
10.2825,125.5768,01/02/2011,,Region XIII - Caraga
10.2833,125.0667,12/10/2010,,Region VIII - Eastern Visayas
10.2833,123.8667,08/16/2016,,Region VII - Central Visayas
10.283626,123.821113,09/08/2016,,Region VII - Central Visayas
10.283626,123.821113,08/09/2016,11:00:00,Region VII - Central Visayas
10.294,123.8131,12/10/2010,,Region VII - Central Visayas
10.2976,123.8654,07/21/2013,,Region VII - Central Visayas
10.3026,123.9067,09/26/2009,,Region VII - Central Visayas
10.3094,125.0981,01/05/2011,,Region VIII - Eastern Visayas
10.310885,123.823355,01/02/2011,,Region VII - Central Visayas
10.3128,125.1159,09/10/2010,,Region VIII - Eastern Visayas
10.313,123.8946,07/20/2013,,Region VII - Central Visayas
10.3151,123.8485,26/10/2022,13:53:00,Region VII - Central Visayas
10.3156,123.8955,06/12/2013,,Region VII - Central Visayas
10.316,123.8804,08/22/2011,,Region VII - Central Visayas
10.3163,123.8529,12/07/2008,,Region VII - Central Visayas
10.3166,123.8452,01/18/2011,,Region VII - Central Visayas
10.3177097,123.8475216,10/18/2010,,Region VII - Central Visayas
10.3178,123.7808,07/10/2016,23:00:00,Region VII - Central Visayas
10.32,123.84,11/09/2011,,Region VII - Central Visayas
10.3281,123.8538,11/24/2009,,Region VII - Central Visayas
10.3286,123.8896,04/11/2017,,Region VII - Central Visayas
10.329,123.888,07/21/2013,,Region VII - Central Visayas
10.329022,123.876998,11/05/2016,,Region VII - Central Visayas
10.3292,123.8872,28/10/2022,13:41:00,Region VII - Central Visayas
10.3315,123.8789,12/01/2016,,Region VII - Central Visayas
10.3318,123.8866,08/06/2009,,Region VII - Central Visayas
10.3322,123.8835,29/10/2022,11:40:00,Region VII - Central Visayas
10.3336,123.8978,10/16/2010,,Region VII - Central Visayas
10.335,123.8725,09/07/2014,,Region VII - Central Visayas
10.3351,123.8799,11/24/2009,,Region VII - Central Visayas
10.3353,123.8725,28/10/2022,09:30:00,Region VII - Central Visayas
10.3367,123.8425,29/10/2022,10:34:00,Region VII - Central Visayas
10.3367,123.8425,26/10/2022,14:53:00,Region VII - Central Visayas
10.3372,125.1395,13/01/2023,,Region VIII - Eastern Visayas
10.34,123.9275,10/16/2010,,Region VII - Central Visayas
10.3402,125.0778,02/16/2012,,Region VIII - Eastern Visayas
10.3419,123.8842,11/16/2011,,Region VII - Central Visayas
10.342048,123.861028,05/08/2011,,Region VII - Central Visayas
10.342048,123.861028,14/12/2016,08:00:00,Region VII - Central Visayas
10.3456,123.8969,08/12/2011,,Region VII - Central Visayas
10.3461,124.8195,12/04/2022,17:00:00,Region VIII - Eastern Visayas
10.3476,123.913,26/10/2022,12:26:00,Region VII - Central Visayas
10.3479,123.881,10/06/2014,,Region VII - Central Visayas
10.3494,123.9334,08/08/2013,,Region VII - Central Visayas
10.349849,123.878321,11/05/2016,,Region VII - Central Visayas
10.3503,125.1094,12/26/2011,,Region VIII - Eastern Visayas
10.3504,123.8815,01/25/2011,,Region VII - Central Visayas
10.35176697,123.8780348,01/14/2017,,Region VII - Central Visayas
10.35176697,123.8780348,14/01/2017,12:00:00,Region VII - Central Visayas
10.3607,123.8842,08/16/2015,,Region VII - Central Visayas
10.3617,125.2385,26/10/2022,,Region VIII - Eastern Visayas
10.3622,123.8639,07/20/2013,,Region VII - Central Visayas
10.37,123.97,12/27/2011,,Region VII - Central Visayas
10.37,123.89,07/04/2011,,Region VII - Central Visayas
10.370659,123.874349,25/09/2017,22:00:00,Region VII - Central Visayas
10.3708,123.7619,12/11/2013,,Region VII - Central Visayas
10.3751,123.8524,30/10/2022,07:10:00,Region VII - Central Visayas
10.3771,123.9195,28/10/2022,11:24:00,Region VII - Central Visayas
10.379057,123.913048,09/28/2017,,Region VII - Central Visayas
10.379057,123.913048,28/09/2017,21:00:00,Region VII - Central Visayas
10.38,123.9,08/21/2011,,Region VII - Central Visayas
10.38,123.89,12/08/2008,,Region VII - Central Visayas
10.3819,124.9206,28/10/2022,,Region VIII - Eastern Visayas
10.3856,124.9806,23/07/2023,06:00:00,Region VIII - Eastern Visayas
10.3861,124.98,03/20/2011,,Region VIII - Eastern Visayas
10.3863054,124.980934,09/17/2012,,Region VIII - Eastern Visayas
10.3879,123.9179,08/14/2011,,Region VII - Central Visayas
10.39,123.92,02/14/2012,,Region VII - Central Visayas
10.3926,124.9845,12/26/2012,,Region VIII - Eastern Visayas
10.3932,124.8132,10/04/2022,17:00:00,Region VIII - Eastern Visayas
10.395,123.9153,08/04/2011,,Region VII - Central Visayas
10.3957,123.8508,28/10/2022,12:04:00,Region VII - Central Visayas
10.3968,123.9075,10/10/2016,,Region VII - Central Visayas
10.3981,123.9047,30/10/2022,00:30:00,Region VII - Central Visayas
10.4039,124.9795,12/30/2014,,Region VIII - Eastern Visayas
10.4094,123.8681,29/10/2022,14:10:00,Region VII - Central Visayas
10.41107984,123.877217,06/26/2011,,Region VII - Central Visayas
10.41208679,123.8705795,04/11/2017,,Region VII - Central Visayas
10.4141,123.8722,28/10/2022,07:06:00,Region VII - Central Visayas
10.42,123.91,02/14/2012,,Region VII - Central Visayas
10.42315598,123.9151978,01/15/2017,,Region VII - Central Visayas
10.42450171,123.9428072,05/24/2017,,Region VII - Central Visayas
10.4249,123.9149,27/10/2022,15:17:00,Region VII - Central Visayas
10.4278,123.8889,28/10/2022,12:28:00,Region VII - Central Visayas
10.43,125.0076,10/04/2022,12:00:00,Region VIII - Eastern Visayas
10.43,125.0076,19/07/2024,,Region VIII - Eastern Visayas
10.43,123.9115,08/12/2013,,Region VII - Central Visayas
10.4301,123.7621,28/10/2022,,Region VII - Central Visayas
10.4346,123.9097,27/10/2022,14:47:00,Region VII - Central Visayas
10.4416,123.8387,26/10/2022,15:28:00,Region VII - Central Visayas
10.442036,123.8760501,01/20/2017,,Region VII - Central Visayas
10.4524,123.2617,11/24/2009,,Region VI - Western Visayas
10.4526,123.0553,28/10/2022,10:00:00,Region VI - Western Visayas
10.4578,123.7756,02/05/2011,,Region VII - Central Visayas
10.4697,121.975,29/10/2022,,Region VI - Western Visayas
10.4769,121.9295,17/07/2023,07:00:00,Region VI - Western Visayas
10.4775,123.763,12/29/2014,,Region VII - Central Visayas
10.47892965,125.0030939,12/26/2012,,Region VIII - Eastern Visayas
10.4792,124.9986,01/02/2011,,Region VIII - Eastern Visayas
10.4801,121.9545,28/10/2022,,Region VI - Western Visayas
10.48486923,125.0019461,10/13/2011,,Region VIII - Eastern Visayas
10.4876,125.1857,14/12/2021,,Region VIII - Eastern Visayas
10.4948,121.925,30/10/2022,,Region VI - Western Visayas
10.4955,121.9525,22/07/2023,03:00:00,Region VI - Western Visayas
10.497,123.3599,12/04/2022,07:08:00,Region VI - Western Visayas
10.503,121.9191,30/10/2022,,Region VI - Western Visayas
10.5085,121.9322,28/10/2022,,Region VI - Western Visayas
10.509,124.9789,12/08/2008,,Region VIII - Eastern Visayas
10.5284,121.9815,28/10/2022,,Region VI - Western Visayas
10.5528,122.6488,29/10/2022,,Region VI - Western Visayas
10.5641,123.2547,12/28/2014,,Region VI - Western Visayas
10.5642,122.0895,31/07/2023,01:00:00,Region VI - Western Visayas
10.57,123.72,10/17/2010,,Region VII - Central Visayas
10.57172733,125.1066087,10/25/2012,,Region VIII - Eastern Visayas
10.5768,121.9663,29/10/2022,,Region VI - Western Visayas
10.5785,124.8703,10/04/2022,17:00:00,Region VIII - Eastern Visayas
10.5906,122.1394,11/04/2010,,Region VI - Western Visayas
10.6053,122.0227,30/07/2022,,Region VI - Western Visayas
10.6073,124.9705,07/01/2015,,Region VIII - Eastern Visayas
10.619,122.0215,29/10/2022,,Region VI - Western Visayas
10.6235,123.8937,02/12/2012,,Region VII - Central Visayas
10.6245,124.9242,12/04/2022,17:00:00,Region VIII - Eastern Visayas
10.6322,124.9329,12/04/2022,17:00:00,Region VIII - Eastern Visayas
10.6324,124.7791,10/04/2022,17:00:00,Region VIII - Eastern Visayas
10.6329,123.9845,28/10/2022,,Region VII - Central Visayas
10.6344,122.6212,28/08/2023,,Region VI - Western Visayas
10.6352,122.9579,11/04/2022,09:45:00,Region Not Found
10.6377,124.8639,12/04/2022,17:00:00,Region VIII - Eastern Visayas
10.6468,122.2416,08/30/2012,,Region VI - Western Visayas
10.6472,122.0262,18/07/2023,,Region VI - Western Visayas
10.6575,124.9658,08/19/2013,,Region VIII - Eastern Visayas
10.6587,122.0056,29/10/2022,,Region VI - Western Visayas
10.6593,125.0546,03/17/2011,,Region VIII - Eastern Visayas
10.6652,124.8218,10/04/2022,17:00:00,Region VIII - Eastern Visayas
10.6789,124.8223,10/04/2022,17:00:00,Region VIII - Eastern Visayas
10.6856,123.4943,13/04/2022,,Region VI - Western Visayas
10.6985,123.1732,11/04/2022,23:30:00,Region VI - Western Visayas
10.7004,124.9668,02/16/2012,,Region VIII - Eastern Visayas
10.7061,125.0064,12/04/2022,12:00:00,Region VIII - Eastern Visayas
10.7087,123.0696,11/01/2023,10:00:00,Region VI - Western Visayas
10.7087,123.0696,11/04/2022,,Region VI - Western Visayas
10.7088,123.396,13/01/2021,11:00:00,Region VI - Western Visayas
10.7093,122.0643,30/07/2022,,Region VI - Western Visayas
10.71,125.01,10/20/2016,,Region VIII - Eastern Visayas
10.7129,123.4391,13/01/2021,11:00:00,Region VI - Western Visayas
10.71318264,122.26521,05/08/2018,02:00:00,Region VI - Western Visayas
10.715,123.3788,13/01/2021,11:00:00,Region VI - Western Visayas
10.715,122.2342,10/07/2013,,Region VI - Western Visayas
10.717,123.511,07/26/2011,,Region VI - Western Visayas
10.7281,123.4866,13/01/2021,11:00:00,Region VI - Western Visayas
10.7293,122.0634,30/07/2022,,Region VI - Western Visayas
10.7383,123.1829,13/01/2023,10:00:00,Region VI - Western Visayas
10.7393,123.4455,13/01/2021,11:00:00,Region VI - Western Visayas
10.7463,122.0864,27/07/2022,,Region VI - Western Visayas
10.7466,121.9499,29/07/2022,,Region VI - Western Visayas
10.747,122.9672,09/05/2012,,Region VI - Western Visayas
10.7495,121.935,30/07/2022,,Region VI - Western Visayas
10.7551,123.0845,11/04/2022,08:00:00,Region VI - Western Visayas
10.7668,122.0705,12/04/2022,,Region VI - Western Visayas
10.77,123.98,10/17/2010,,Region VII - Central Visayas
10.7808,122.2845,29/08/2023,,Region VI - Western Visayas
10.7832,122.0721,12/04/2022,,Region VI - Western Visayas
10.7886,122.5363,07/14/2010,,Region VI - Western Visayas
10.7898,122.3205,29/08/2023,,Region VI - Western Visayas
10.8167,122.4167,07/29/2013,,Region VI - Western Visayas
10.8256,122.0135,28/10/2022,,Region VI - Western Visayas
10.8388,123.495,02/02/2011,,Region VI - Western Visayas
10.8643,122.9871,27/10/2022,,Region VI - Western Visayas
10.8665,124.7248,29/10/2022,,Region VIII - Eastern Visayas
10.8799,124.7413,19/07/2024,,Region VIII - Eastern Visayas
10.8844,124.7289,29/10/2022,,Region VIII - Eastern Visayas
10.9015,122.0233,28/10/2022,,Region VI - Western Visayas
10.9044,122.0734,28/10/2022,,Region VI - Western Visayas
10.9044,122.0734,12/04/2022,,Region VI - Western Visayas
10.9066,124.9608,11/04/2022,11:00:00,Region VIII - Eastern Visayas
10.9068,122.0531,28/10/2022,,Region VI - Western Visayas
10.9106,122.015,12/04/2022,,Region VI - Western Visayas
10.9171,124.6951,29/10/2022,,Region VIII - Eastern Visayas
10.9232,122.3935,30/08/2023,,Region VI - Western Visayas
10.9356,124.4728,12/04/2022,17:00:00,Region VIII - Eastern Visayas
10.9356,124.4728,17/07/2024,,Region VIII - Eastern Visayas
10.9426,122.3776,30/08/2023,,Region VI - Western Visayas
10.9459,122.4532,30/08/2023,,Region VI - Western Visayas
10.9465,124.4447,12/04/2022,17:00:00,Region VIII - Eastern Visayas
10.9511,122.0411,25/07/2023,,Region VI - Western Visayas
10.9603,122.6707,11/01/2023,16:00:00,Region VI - Western Visayas
10.9658,122.1211,12/04/2022,,Region VI - Western Visayas
10.9781,124.7491,18/02/2023,08:00:00,Region VIII - Eastern Visayas
11.0099,122.0656,12/04/2022,,Region VI - Western Visayas
11.012,122.1632,25/07/2023,,Region VI - Western Visayas
11.013,122.1187,12/04/2022,,Region VI - Western Visayas
11.01601242,124.7102698,07/10/2017,,Region VIII - Eastern Visayas
11.0249,122.5395,28/10/2022,,Region VI - Western Visayas
11.0284,122.1352,12/04/2022,,Region VI - Western Visayas
11.03424851,124.8442658,08/21/2015,,Region VIII - Eastern Visayas
11.0382,122.5313,28/10/2022,,Region VI - Western Visayas
11.0385,122.46,28/10/2022,,Region VI - Western Visayas
11.039,122.1415,12/04/2022,,Region VI - Western Visayas
11.0391,124.6291,05/07/2011,,Region VIII - Eastern Visayas
11.0407,122.4444,12/04/2022,,Region VI - Western Visayas
11.0461,122.4953,12/04/2022,,Region VI - Western Visayas
11.0511,122.4773,11/04/2022,,Region VI - Western Visayas
11.055,122.5144,28/10/2022,,Region VI - Western Visayas
11.0574,122.4793,28/08/2023,,Region VI - Western Visayas
11.0574,122.4793,12/04/2022,,Region VI - Western Visayas
11.059,122.6982,11/04/2022,,Region VI - Western Visayas
11.0632,122.1376,12/04/2022,03:00:00,Region VI - Western Visayas
11.0707,122.4474,12/04/2022,,Region VI - Western Visayas
11.0764,122.4803,12/04/2022,,Region VI - Western Visayas
11.0769,122.4352,12/04/2022,,Region VI - Western Visayas
11.0838,122.4006,12/04/2022,,Region VI - Western Visayas
11.0918,122.4255,28/10/2022,,Region VI - Western Visayas
11.0942,122.4677,12/04/2022,,Region VI - Western Visayas
11.101,122.5294,12/04/2022,,Region VI - Western Visayas
11.1023,122.4353,11/04/2022,,Region VI - Western Visayas
11.1049,122.4161,11/04/2022,,Region VI - Western Visayas
11.1062,125.2117,11/04/2022,11:00:00,Region VIII - Eastern Visayas
11.10694035,124.6873744,12/17/2017,,Region VIII - Eastern Visayas
11.1074,122.474,11/04/2022,,Region VI - Western Visayas
11.1077,124.4559,17/07/2024,,Region VIII - Eastern Visayas
11.1088,125.0183,12/30/2014,,Region VIII - Eastern Visayas
11.1091,122.0908,11/04/2022,20:00:00,Region VI - Western Visayas
11.1097,122.072,12/04/2022,,Region VI - Western Visayas
11.1162,122.5276,12/04/2022,13:30:00,Region VI - Western Visayas
11.1171,122.4585,28/10/2022,,Region VI - Western Visayas
11.1181,122.4527,28/10/2022,,Region VI - Western Visayas
11.12,122.0918,11/04/2022,20:00:00,Region VI - Western Visayas
11.1209,122.5776,12/04/2022,13:30:00,Region VI - Western Visayas
11.1279,122.1193,11/04/2022,20:00:00,Region VI - Western Visayas
11.1302,125.2603,01/25/2011,,Region VIII - Eastern Visayas
11.1302,125.2603,03/01/2015,15:00:00,Region VIII - Eastern Visayas
11.1317,122.538,12/04/2022,13:30:00,Region VI - Western Visayas
11.1345,124.9677,03/16/2011,,Region VIII - Eastern Visayas
11.1353,122.3324,28/10/2022,,Region VI - Western Visayas
11.1457,122.0845,12/04/2022,,Region VI - Western Visayas
11.1485,124.4703,19/07/2024,,Region VIII - Eastern Visayas
11.1521,124.8327,12/04/2022,17:00:00,Region VIII - Eastern Visayas
11.1548,122.0934,12/04/2022,,Region VI - Western Visayas
11.1574,122.4307,12/04/2022,13:30:00,Region VI - Western Visayas
11.1604,122.4237,12/04/2022,13:30:00,Region VI - Western Visayas
11.1636,119.4139,14/07/2023,14:30:00,Region IV-B - MIMAROPA
11.1711,122.569,11/04/2022,18:00:00,Region VI - Western Visayas
11.1732,122.0986,12/04/2022,,Region VI - Western Visayas
11.1765,122.7498,11/04/2022,,Region VI - Western Visayas
11.1787,122.5385,12/04/2022,13:30:00,Region VI - Western Visayas
11.1841,122.0712,12/04/2022,,Region VI - Western Visayas
11.1895,125.3595,25/05/2024,00:00:00,Region VIII - Eastern Visayas
11.1904,122.0501,31/10/2022,,Region VI - Western Visayas
11.1904,122.0501,11/04/2022,,Region VI - Western Visayas
11.1931,122.0849,31/10/2022,,Region VI - Western Visayas
11.1955,122.0385,11/04/2022,,Region VI - Western Visayas
11.2006,122.0546,11/04/2022,,Region VI - Western Visayas
11.2075,122.0602,12/04/2022,,Region VI - Western Visayas
11.2198,122.5726,11/04/2022,18:00:00,Region VI - Western Visayas
11.2241,122.8,12/04/2022,,Region VI - Western Visayas
11.2326,124.9577,03/19/2011,,Region VIII - Eastern Visayas
11.2398,122.8371,12/04/2022,,Region VI - Western Visayas
11.2411,124.996,03/16/2011,,Region VIII - Eastern Visayas
11.2462,124.9944,07/17/2015,,Region VIII - Eastern Visayas
11.252,124.9599,03/19/2011,,Region VIII - Eastern Visayas
11.2529,124.9736,10/18/2010,,Region VIII - Eastern Visayas
11.2535,124.9682,03/16/2011,,Region VIII - Eastern Visayas
11.2617,122.7484,12/04/2022,,Region VI - Western Visayas
11.2642,122.0754,27/10/2022,,Region VI - Western Visayas
11.2893,122.6534,11/04/2022,,Region VI - Western Visayas
11.2923,122.5841,15/02/2023,13:00:00,Region VI - Western Visayas
11.2923,122.5841,11/04/2022,,Region VI - Western Visayas
11.3003,124.4672,11/01/2023,,Region VIII - Eastern Visayas
11.3021,122.7252,11/04/2022,,Region VI - Western Visayas
11.3206,124.5665,10/04/2022,17:00:00,Region VIII - Eastern Visayas
11.3302,122.7119,11/04/2022,,Region VI - Western Visayas
11.3516,122.6439,11/04/2022,,Region VI - Western Visayas
11.3533,122.6264,11/04/2022,,Region VI - Western Visayas
11.3541,123.1283,28/10/2022,,Region VI - Western Visayas
11.3542,124.8091,09/01/2023,,Region VIII - Eastern Visayas
11.37,122.8813,11/04/2022,,Region VI - Western Visayas
11.3771,122.0946,27/10/2022,,Region VI - Western Visayas
11.3771,122.0946,12/04/2022,,Region VI - Western Visayas
11.3794,122.5316,27/10/2022,,Region VI - Western Visayas
11.3843,123.0574,11/04/2022,17:00:00,Region VI - Western Visayas
11.3945,122.1019,27/10/2022,,Region VI - Western Visayas
11.3955,122.5479,11/04/2022,,Region VI - Western Visayas
11.3961,122.0889,27/10/2022,,Region VI - Western Visayas
11.4071,124.812,10/01/2023,,Region VIII - Eastern Visayas
11.4071,124.812,18/11/2023,,Region VIII - Eastern Visayas
11.4129,122.9871,12/04/2022,,Region VI - Western Visayas
11.4224,122.9728,12/04/2022,,Region VI - Western Visayas
11.4278,122.5666,21/11/2023,,Region VI - Western Visayas
11.438,122.9934,11/04/2022,23:00:00,Region VI - Western Visayas
11.4519,124.9631,13/04/2022,11:00:00,Region VIII - Eastern Visayas
11.4564,122.9545,11/04/2022,,Region VI - Western Visayas
11.4728,122.3224,27/10/2022,,Region VI - Western Visayas
11.4763,123.0207,11/04/2022,,Region VI - Western Visayas
11.4834,122.9913,11/04/2022,,Region VI - Western Visayas
11.4849,123.0639,11/04/2022,,Region VI - Western Visayas
11.4884,122.2696,30/10/2022,,Region VI - Western Visayas
11.5032,122.4563,31/10/2022,,Region VI - Western Visayas
11.5105,122.295,30/10/2022,,Region VI - Western Visayas
11.5122,124.5122,11/01/2023,,Region VIII - Eastern Visayas
11.5278,122.122,24/07/2023,,Region VI - Western Visayas
11.5322,122.2842,30/10/2022,,Region VI - Western Visayas
11.5344,122.2481,30/10/2022,,Region VI - Western Visayas
11.5375,122.3749,10/25/2012,,Region VI - Western Visayas
11.542,122.2847,30/10/2022,,Region VI - Western Visayas
11.5515,125.0725,01/11/2014,,Region VIII - Eastern Visayas
11.5516,122.2691,27/10/2022,,Region VI - Western Visayas
11.5516,122.2691,30/10/2022,,Region VI - Western Visayas
11.551766,124.552765,12/18/2017,,Region VIII - Eastern Visayas
11.565,124.9281,13/04/2022,11:00:00,Region VIII - Eastern Visayas
11.5735,122.1001,05/10/2011,,Region VI - Western Visayas
11.5855,125.3918,13/01/2023,16:00:00,Region VIII - Eastern Visayas
11.5894,122.0977,24/07/2023,13:30:00,Region VI - Western Visayas
11.6064,121.6896,01/20/2014,,Region VI - Western Visayas
11.6064,121.6896,17/07/2015,09:00:00,Region VI - Western Visayas
11.6199,124.7865,13/04/2022,11:00:00,Region VIII - Eastern Visayas
11.7,125.0667,01/01/2011,,Region VIII - Eastern Visayas
11.7148,125.0704,09/14/2012,,Region VIII - Eastern Visayas
11.7453,125.4275,24/05/2024,10:00:00,Region VIII - Eastern Visayas
11.7652,122.2423,29/10/2022,,Region VI - Western Visayas
11.7771,124.8872,10/21/2011,,Region VIII - Eastern Visayas
11.78,124.89,03/20/2012,,Region VIII - Eastern Visayas
11.7833,124.8834,03/20/2012,,Region VIII - Eastern Visayas
11.7836,124.8768,18/11/2023,,Region VIII - Eastern Visayas
11.7841,124.8761,12/30/2014,,Region VIII - Eastern Visayas
11.7925,122.2232,29/10/2022,,Region VI - Western Visayas
11.8006,125.3731,02/20/2013,,Region VIII - Eastern Visayas
11.811,125.1507,11/24/2009,,Region VIII - Eastern Visayas
11.8154,122.0943,01/30/2012,,Region VI - Western Visayas
11.8561,119.9404,29/10/2022,10:00:00,Region IV-B - MIMAROPA
11.8567,122.0464,04/09/2024,03:15:00,Region VI - Western Visayas
11.8567,122.0464,24/07/2023,18:00:00,Region VI - Western Visayas
11.8824,122.0053,11/04/2022,,Region VI - Western Visayas
11.8884,119.9951,29/08/2023,20:00:00,Region IV-B - MIMAROPA
11.8884,119.9951,29/10/2022,,Region IV-B - MIMAROPA
11.8889,120.0214,29/10/2022,,Region IV-B - MIMAROPA
11.8895,119.939,07/26/2011,,Region IV-B - MIMAROPA
11.8904,120.0211,28/08/2023,09:00:00,Region IV-B - MIMAROPA
11.8904,120.0211,29/10/2022,,Region IV-B - MIMAROPA
12.0311,124.9919,01/08/2011,,Region VIII - Eastern Visayas
12.0358,120.0162,29/08/2023,16:30:00,Region IV-B - MIMAROPA
12.0499,120.1783,30/10/2022,,Region IV-B - MIMAROPA
12.1512,123.6452,01/16/2017,,Region V - Bicol Region
12.1546,123.9052,13/01/2023,15:30:00,Region V - Bicol Region
12.1969,124.5528,01/17/2014,,Region VIII - Eastern Visayas
12.2079,124.5854,20/11/2023,,Region VIII - Eastern Visayas
12.2512,120.0102,29/10/2022,18:51:00,Region IV-B - MIMAROPA
12.282,124.6167,10/18/2010,,Region VIII - Eastern Visayas
12.2949,124.5644,12/01/2023,,Region VIII - Eastern Visayas
12.2953,125.2864,29/10/2022,,Region VIII - Eastern Visayas
12.296,124.5971,20/11/2023,,Region VIII - Eastern Visayas
12.2981,124.3481,25/05/2024,,Region VIII - Eastern Visayas
12.3254,121.3435,12/11/2020,16:00:00,Region IV-B - MIMAROPA
12.3299,124.6465,19/11/2023,,Region VIII - Eastern Visayas
12.34,122.56,12/17/2017,,Region IV-B - MIMAROPA
12.3425,122.6824,13/09/2024,,Region IV-B - MIMAROPA
12.3525,124.585,19/11/2023,,Region VIII - Eastern Visayas
12.3637,124.924,21/11/2023,,Region VIII - Eastern Visayas
12.3758,125.0492,21/11/2023,,Region VIII - Eastern Visayas
12.3825,124.3354,11/01/2023,,Region VIII - Eastern Visayas
12.3912,121.3983,13/09/2024,,Region IV-B - MIMAROPA
12.394284,122.45898,01/20/2011,,Region IV-B - MIMAROPA
12.394284,122.45898,17/12/2017,08:00:00,Region IV-B - MIMAROPA
12.424,125.0346,21/11/2023,,Region VIII - Eastern Visayas
12.4487,124.616,10/01/2023,19:08:00,Region VIII - Eastern Visayas
12.4582,124.6429,18/11/2023,14:13:00,Region VIII - Eastern Visayas
12.4642,122.44,31/12/2022,,Region IV-B - MIMAROPA
12.4783,124.6378,13/01/2023,,Region VIII - Eastern Visayas
12.533383,124.333258,11/10/2018,14:00:00,Region VIII - Eastern Visayas
12.5731,125.1504,29/10/2022,,Region VIII - Eastern Visayas
12.6,124.0757,21/01/2023,08:43:00,Region V - Bicol Region
12.6218,122.076,11/11/2020,17:00:00,Region IV-B - MIMAROPA
12.6672,123.9858,04/09/2024,13:00:00,Region V - Bicol Region
12.6714,121.3914,16/01/2023,09:00:00,Region IV-B - MIMAROPA
12.75380833,123.9084224,12/28/2018,,Region V - Bicol Region
12.7813,123.9179,20/01/2023,07:00:00,Region V - Bicol Region
12.7894,123.8635,05/05/2009,,Region V - Bicol Region
12.8223,123.8452,28/10/2022,,Region V - Bicol Region
12.8409,123.9831,18/02/2023,21:00:00,Region V - Bicol Region
12.8443,123.9441,13/01/2023,05:00:00,Region V - Bicol Region
12.8505,123.9029,18/02/2023,,Region V - Bicol Region
12.857,123.9581,13/01/2023,05:00:00,Region V - Bicol Region
12.8578,124.1433,21/11/2023,14:30:00,Region V - Bicol Region
12.8655,123.8805,18/02/2023,,Region V - Bicol Region
12.8693,124.131,27/01/2023,08:00:00,Region V - Bicol Region
12.8737,124.0076,13/01/2023,07:00:00,Region V - Bicol Region
12.8751,124.0476,14/01/2023,07:20:00,Region V - Bicol Region
12.8809,124.06,27/01/2023,06:00:00,Region V - Bicol Region
12.8836,120.9877,08/21/2011,,Region IV-B - MIMAROPA
12.8935,120.8677,29/08/2023,04:15:00,Region IV-B - MIMAROPA
12.9172,124.1116,19/11/2023,14:30:00,Region V - Bicol Region
12.9223,123.6725,28/10/2022,,Region V - Bicol Region
12.9773,123.8953,18/02/2023,10:00:00,Region V - Bicol Region
12.9903,123.8887,13/01/2023,10:37:00,Region V - Bicol Region
13.0536,121.4036,12/09/2014,,Region IV-B - MIMAROPA
13.06945762,123.9615021,09/24/2008,,Region V - Bicol Region
13.0785,123.8347,12/24/2013,,Region V - Bicol Region
13.0835095,123.9957977,18/02/2023,,Region V - Bicol Region
13.0902,123.6273,12/09/2010,,Region V - Bicol Region
13.0965,121.3455,21/10/2024,14:00:00,Region IV-B - MIMAROPA
13.1004,123.8421,12/29/2010,,Region V - Bicol Region
13.1224,123.7292,19/12/2022,,Region V - Bicol Region
13.1238,121.2609,23/10/2024,,Region IV-B - MIMAROPA
13.1358,123.3608,11/04/2010,,Region V - Bicol Region
13.1614,123.3344,05/08/2011,,Region V - Bicol Region
13.17,123.6065,30/07/2022,08:30:00,Region V - Bicol Region
13.19074294,123.6180333,10/20/2016,,Region V - Bicol Region
13.1954,123.5935,22/08/2022,12:00:00,Region V - Bicol Region
13.2209,124.0345,21/01/2023,,Region V - Bicol Region
13.2293,123.5685,22/08/2022,12:00:00,Region V - Bicol Region
13.28549037,123.7297874,05/28/2013,,Region V - Bicol Region
13.2959,123.4848,10/01/2011,,Region V - Bicol Region
13.3125,123.7465,08/16/2010,,Region V - Bicol Region
13.3201,123.5841,12/27/2012,,Region V - Bicol Region
13.3207,123.2658,05/08/2011,,Region V - Bicol Region
13.325,122.5347,11/11/2020,19:00:00,Region IV-A - CALABARZON
13.3481,123.5074,05/08/2011,,Region V - Bicol Region
13.4567,123.6793,01/01/2011,,Region V - Bicol Region
13.4721,123.5262,16/01/2023,12:30:00,Region V - Bicol Region
13.4752,121.9005,29/10/2022,,Region IV-B - MIMAROPA
13.4895,123.6197,22/10/2024,,Region V - Bicol Region
13.5038,120.9075,27/07/2023,,Region IV-B - MIMAROPA
13.514,123.3809,19/01/2023,12:04:00,Region V - Bicol Region
13.5283,121.8681,21/01/2023,13:01:00,Region IV-B - MIMAROPA
13.5376,122.4438,12/11/2020,09:00:00,Region IV-A - CALABARZON
13.5405,123.578,06/01/2023,07:00:00,Region V - Bicol Region
13.5983,124.1003,01/23/2014,,Region V - Bicol Region
13.6042,123.52,01/14/2014,,Region V - Bicol Region
13.6048,123.5215,12/10/2008,,Region V - Bicol Region
13.6141,124.2977,17/01/2023,,Region V - Bicol Region
13.6214,122.5185,23/10/2024,18:00:00,Region IV-A - CALABARZON
13.6214,122.5185,12/11/2020,09:00:00,Region IV-A - CALABARZON
13.6262,124.2994,17/01/2023,,Region V - Bicol Region
13.6275,124.3077,19/02/2023,00:00:00,Region V - Bicol Region
13.64,123.2804,09/05/2012,,Region V - Bicol Region
13.6404,124.3192,17/01/2023,,Region V - Bicol Region
13.6548,124.378,17/01/2023,,Region V - Bicol Region
13.6586,124.3493,17/01/2023,,Region V - Bicol Region
13.6648,124.3825,13/01/2023,,Region V - Bicol Region
13.6659,123.4384,30/10/2022,,Region V - Bicol Region
13.6752,124.0969,19/12/2022,,Region V - Bicol Region
13.6845,124.1177,01/11/2014,,Region V - Bicol Region
13.6862,124.264,10/04/2009,,Region V - Bicol Region
13.6882,124.3923,17/01/2023,,Region V - Bicol Region
13.6892,123.8126,21/01/2023,09:00:00,Region V - Bicol Region
13.707587,123.739073,09/12/2017,,Region V - Bicol Region
13.7084,123.2388,07/25/2011,,Region V - Bicol Region
13.7101,123.7428,29/01/2023,21:35:00,Region V - Bicol Region
13.7101,123.7428,27/10/2022,,Region V - Bicol Region
13.7112,123.6531,18/01/2023,18:00:00,Region V - Bicol Region
13.7142,121.0645,23/10/2024,06:50:00,Region IV-A - CALABARZON
13.7142,121.0645,22/07/2024,,Region IV-A - CALABARZON
13.7215,122.9813,30/10/2022,,Region V - Bicol Region
13.7273,123.7398,19/12/2022,10:28:00,Region V - Bicol Region
13.7299,123.5921,20/01/2023,07:00:00,Region V - Bicol Region
13.7299,123.5921,18/12/2022,12:00:00,Region V - Bicol Region
13.7313,123.6934,27/10/2022,,Region V - Bicol Region
13.7336,121.0767,23/10/2024,,Region IV-A - CALABARZON
13.7362,122.8481,30/10/2022,,Region V - Bicol Region
13.7442,123.5378,10/17/2016,,Region V - Bicol Region
13.757,124.379,09/20/2008,,Region V - Bicol Region
13.7647,124.1314,19/02/2023,07:30:00,Region V - Bicol Region
13.7681,121.1769,29/10/2022,,Region IV-A - CALABARZON
13.771,123.7502,17/01/2023,21:03:00,Region V - Bicol Region
13.771,123.7502,19/12/2022,16:02:00,Region V - Bicol Region
13.771,123.7502,27/10/2022,,Region V - Bicol Region
13.77195072,124.2689432,12/25/2016,,Region V - Bicol Region
13.77195072,124.2689432,25/12/2016,20:00:00,Region V - Bicol Region
13.7727,123.8391,19/02/2023,11:00:00,Region V - Bicol Region
13.776,123.5175,20/01/2023,11:34:00,Region V - Bicol Region
13.7769,124.2758,12/07/2008,,Region V - Bicol Region
13.7795,122.8708,27/10/2022,,Region V - Bicol Region
13.7998,124.2589,29/10/2022,,Region V - Bicol Region
13.7998349,124.2589415,19/12/2022,,Region V - Bicol Region
13.8021,124.4149,19/02/2023,11:00:00,Region V - Bicol Region
13.8021,124.4149,17/01/2023,,Region V - Bicol Region
13.8026,122.9023,19/12/2022,09:26:00,Region V - Bicol Region
13.8193,124.1754,05/19/2011,,Region V - Bicol Region
13.8217,120.9839,09/27/2013,,Region IV-A - CALABARZON
13.824,123.7612,28/10/2022,,Region V - Bicol Region
13.8322,124.3986,14/01/2023,06:00:00,Region V - Bicol Region
13.8383,124.2714,01/19/2015,,Region V - Bicol Region
13.8438,124.2805,17/01/2023,,Region V - Bicol Region
13.8591,122.295,12/11/2020,11:30:00,Region IV-A - CALABARZON
13.8621,124.3982,17/01/2023,,Region V - Bicol Region
13.87,124.3885,17/01/2023,,Region V - Bicol Region
13.8731,124.3332,19/02/2023,11:00:00,Region V - Bicol Region
13.8731,124.3332,17/01/2023,,Region V - Bicol Region
13.8758,124.3099,09/26/2011,,Region V - Bicol Region
13.8785,123.671,17/01/2023,15:30:00,Region V - Bicol Region
13.8801,124.3075,09/26/2011,,Region V - Bicol Region
13.8815,124.1538,22/10/2024,,Region V - Bicol Region
13.8868,120.975,29/10/2022,,Region IV-A - CALABARZON
13.8937,122.454,23/10/2024,08:00:00,Region IV-A - CALABARZON
13.8957,121.1058,29/10/2022,,Region IV-A - CALABARZON
13.9052,124.325,19/02/2023,11:00:00,Region V - Bicol Region
13.907,122.447,12/11/2020,09:00:00,Region IV-A - CALABARZON
13.913123,122.604628,26/12/2017,06:00:00,Region V - Bicol Region
13.9176,122.1009,10/18/2014,,Region IV-A - CALABARZON
13.9208,121.0432,24/10/2024,,Region IV-A - CALABARZON
13.9229,123.3342,20/01/2023,14:00:00,Region V - Bicol Region
13.9294,121.821,25/10/2020,05:00:00,Region IV-A - CALABARZON
13.9352,123.6601,19/12/2022,11:00:00,Region V - Bicol Region
13.936,122.0774,12/11/2020,11:30:00,Region IV-A - CALABARZON
13.9472,121.0826,24/10/2024,,Region IV-A - CALABARZON
13.9512,122.2959,12/11/2020,03:00:00,Region IV-A - CALABARZON
13.9512,122.2959,01/11/2020,09:00:00,Region IV-A - CALABARZON
13.9716,121.9162,09/13/2009,,Region IV-A - CALABARZON
13.9741,120.6778,25/10/2024,,Region IV-A - CALABARZON
13.9948,121.835,29/10/2022,,Region IV-A - CALABARZON
14.0054,122.1812,11/11/2020,19:00:00,Region IV-A - CALABARZON
14.0135,121.5924,11/11/2020,23:49:00,Region IV-A - CALABARZON
14.0189,120.9353,24/10/2024,,Region IV-A - CALABARZON
14.0391,124.1621,01/13/2014,,Region V - Bicol Region
14.0433,121.2506,29/10/2022,18:00:00,Region IV-A - CALABARZON
14.0439,120.9031,06/03/2013,,Region IV-A - CALABARZON
14.0598,121.2986,02/14/2012,,Region IV-A - CALABARZON
14.0613,121.2424,24/10/2024,,Region IV-A - CALABARZON
14.0728,121.5082,12/18/2015,,Region IV-A - CALABARZON
14.0871,121.409,29/10/2022,10:30:00,Region IV-A - CALABARZON
14.0873,120.9665,29/10/2022,,Region IV-A - CALABARZON
14.0995,121.0985,12/19/2015,,Region IV-A - CALABARZON
14.1081,121.6887,26/05/2024,18:15:00,Region IV-A - CALABARZON
14.1088,121.753,15/11/2023,16:49:00,Region IV-A - CALABARZON
14.1091,120.9924,29/10/2022,,Region IV-A - CALABARZON
14.117,121.5702,26/05/2024,,Region IV-A - CALABARZON
14.1214,121.3035,12/11/2020,05:20:00,Region IV-A - CALABARZON
14.1219,121.7418,15/11/2023,14:48:00,Region IV-A - CALABARZON
14.1275,121.5278,26/05/2024,,Region IV-A - CALABARZON
14.1286,121.7326,15/11/2023,14:48:00,Region IV-A - CALABARZON
14.1295,120.9332,23/10/2024,12:00:00,Region IV-A - CALABARZON
14.1329,121.5539,26/05/2024,,Region IV-A - CALABARZON
14.1345,121.6284,26/05/2024,,Region IV-A - CALABARZON
14.1382,122.2561,12/11/2020,13:00:00,Region IV-A - CALABARZON
14.147,121.0037,12/11/2020,21:30:00,Region IV-A - CALABARZON
14.1479,121.5927,26/05/2024,11:53:00,Region IV-A - CALABARZON
14.1555,122.8309,22/10/2024,,Region V - Bicol Region
14.1557,121.4904,25/10/2020,06:30:00,Region IV-A - CALABARZON
14.157,121.6398,26/05/2024,,Region IV-A - CALABARZON
14.1571,121.3718,29/10/2022,23:00:00,Region IV-A - CALABARZON
14.1696,120.9245,26/10/2020,14:00:00,Region IV-A - CALABARZON
14.1869,121.5067,25/10/2020,02:00:00,Region IV-A - CALABARZON
14.1876,122.5077,13/11/2020,12:00:00,Region V - Bicol Region
14.18809,122.92357,19/12/2022,09:30:00,Region V - Bicol Region
14.192,121.7333,26/05/2024,17:57:00,Region IV-A - CALABARZON
14.192,121.7333,29/10/2022,,Region IV-A - CALABARZON
14.1939,121.1481,12/14/2016,,Region IV-A - CALABARZON
14.194,121.1481,09/09/2009,,Region IV-A - CALABARZON
14.1956,120.8628,29/10/2022,,Region IV-A - CALABARZON
14.2028,121.1635,29/10/2022,,Region IV-A - CALABARZON
14.2138,121.0105,02/20/2012,,Region IV-A - CALABARZON
14.2176,121.1241,12/11/2020,08:00:00,Region IV-A - CALABARZON
14.2201,121.7464,05/01/2023,16:49:00,Region IV-A - CALABARZON
14.2245,122.7663,02/12/2012,,Region V - Bicol Region
14.2311,121.5081,29/10/2022,08:30:00,Region IV-A - CALABARZON
14.2516,122.6556,25/11/2023,16:25:00,Region V - Bicol Region
14.2644,121.463,24/10/2024,,Region IV-A - CALABARZON
14.2712,122.7809,13/11/2020,12:00:00,Region V - Bicol Region
14.2757,122.6781,05/01/2023,09:10:00,Region V - Bicol Region
14.2803,122.788,22/10/2024,,Region V - Bicol Region
14.284,122.7127,05/01/2023,08:50:00,Region V - Bicol Region
14.284,122.7127,25/11/2023,13:30:00,Region V - Bicol Region
14.2847,122.6763,25/11/2023,13:52:00,Region V - Bicol Region
14.28588,122.6758,18/12/2022,18:20:00,Region V - Bicol Region
14.2894,122.6692,05/01/2023,09:27:00,Region V - Bicol Region
14.2894,122.6692,25/11/2023,14:32:00,Region V - Bicol Region
14.2898,122.6917,23/10/2024,12:00:00,Region V - Bicol Region
14.2965,122.4713,15/11/2023,12:00:00,Region V - Bicol Region
14.2991,122.7001,05/01/2023,09:49:00,Region V - Bicol Region
14.2991,122.7001,25/11/2023,13:29:00,Region V - Bicol Region
14.3128,120.9627,23/07/2024,,Region IV-A - CALABARZON
14.3152,120.9156,27/08/2023,10:49:00,Region IV-A - CALABARZON
14.3156,121.0144,02/09/2024,08:44:00,Region IV-A - CALABARZON
14.3178,121.0249,01/09/2024,19:23:00,Region IV-A - CALABARZON
14.3181,120.9617,23/07/2024,,Region IV-A - CALABARZON
14.319,121.0505,25/10/2020,20:00:00,Region IV-A - CALABARZON
14.3198,122.5422,14/11/2023,08:00:00,Region V - Bicol Region
14.3275,121.0272,02/09/2024,11:35:00,Region IV-A - CALABARZON
14.3609,121.4842,23/10/2024,,Region IV-A - CALABARZON
14.3656,121.387,22/10/2024,12:00:00,Region IV-A - CALABARZON
14.3656,121.6596,23/10/2024,14:00:00,Region IV-A - CALABARZON
14.4084,121.4052,24/10/2024,14:15:00,Region IV-A - CALABARZON
14.4084,121.4052,29/10/2022,11:00:00,Region IV-A - CALABARZON
14.4084,121.4052,12/11/2020,08:07:00,Region IV-A - CALABARZON
14.4315,120.4851,07/01/2011,,Region III - Central Luzon
14.4321,121.214,04/01/2023,10:00:00,Region IV-A - CALABARZON
14.4361,120.473,29/08/2023,,Region III - Central Luzon
14.4544,121.1982,01/27/2011,,Region IV-A - CALABARZON
14.4544,121.1982,15/10/2016,22:00:00,Region IV-A - CALABARZON
14.4696,120.4787,27/08/2023,,Region III - Central Luzon
14.4696,120.4787,01/09/2023,,Region III - Central Luzon
14.4774,121.19,17/09/2024,08:00:00,Region IV-A - CALABARZON
14.4783,121.4465,24/10/2024,,Region IV-A - CALABARZON
14.483,121.5466,05/01/2023,,Region IV-A - CALABARZON
14.4864,121.2333,11/11/2020,21:30:00,Region IV-A - CALABARZON
14.4929,120.5,29/08/2023,,Region III - Central Luzon
14.5091,121.4072,23/10/2024,,Region IV-A - CALABARZON
14.527,121.4373,24/10/2024,21:38:00,Region IV-A - CALABARZON
14.545,121.56,10/01/2009,,Region IV-A - CALABARZON
14.5518,121.5715,12/11/2020,08:00:00,Region IV-A - CALABARZON
14.56389,121.14444,26/05/2024,08:45:00,Region IV-A - CALABARZON
14.5692,121.1352,23/07/2023,18:43:00,Region IV-A - CALABARZON
14.5703,121.1682,06/02/2012,,Region IV-A - CALABARZON
14.5725,121.5481,05/01/2023,,Region IV-A - CALABARZON
14.5733,121.6188,12/11/2020,08:00:00,Region IV-A - CALABARZON
14.5733,121.6188,29/10/2022,,Region IV-A - CALABARZON
14.5743502,121.14904,23/07/2024,20:17:00,Region IV-A - CALABARZON
14.57439,121.131,24/07/2024,09:00:00,Region IV-A - CALABARZON
14.57439,121.131,24/07/2024,11:30:00,Region IV-A - CALABARZON
14.576,121.1714,24/07/2024,08:26:00,Region IV-A - CALABARZON
14.5767,121.4432,10/08/2009,,Region IV-A - CALABARZON
14.5772,121.1336,24/07/2024,03:46:00,Region IV-A - CALABARZON
14.5814354,121.1992008,25/07/2024,00:01:00,Region IV-A - CALABARZON
14.5854,121.0709,10/20/2016,,NCR - National Capital Region
14.5861,121.1822,02/09/2024,07:59:00,Region IV-A - CALABARZON
14.5861,121.1822,24/07/2024,05:00:00,Region IV-A - CALABARZON
14.5861,121.1822,23/07/2024,,Region IV-A - CALABARZON
14.587,121.1758,23/08/2022,18:40:00,Region IV-A - CALABARZON
14.5894,121.07,10/25/2012,,NCR - National Capital Region
14.5902,121.168,05/27/2011,,Region IV-A - CALABARZON
14.5923,121.2727,24/07/2023,21:20:00,Region IV-A - CALABARZON
14.5999,120.5791,27/08/2023,07:30:00,Region III - Central Luzon
14.601,120.9762,10/18/2010,,NCR - National Capital Region
14.6028,121.1974,23/07/2024,,Region IV-A - CALABARZON
14.6046311,121.1751292,01/13/2014,,Region IV-A - CALABARZON
14.6097,121.1613,16/07/2023,20:00:00,Region IV-A - CALABARZON
14.6187,121.1405,24/10/2024,08:00:00,Region IV-A - CALABARZON
14.62008,121.2094,15/07/2023,15:00:00,Region IV-A - CALABARZON
14.6267,121.1795,24/10/2024,,Region IV-A - CALABARZON
14.6296,121.1202,24/10/2024,08:00:00,Region IV-A - CALABARZON
14.6296,121.1202,02/09/2024,17:00:00,Region IV-A - CALABARZON
14.6317528,121.14771,24/07/2024,08:15:00,Region IV-A - CALABARZON
14.6332,121.1383,02/09/2024,10:00:00,Region IV-A - CALABARZON
14.6444,121.0335,06/24/2011,,NCR - National Capital Region
14.6533,121.6034,10/19/2010,,Region IV-A - CALABARZON
14.6618,121.1447,01/09/2023,05:00:00,Region IV-A - CALABARZON
14.675,121.15,02/15/2012,,Region IV-A - CALABARZON
14.6759,121.2397,09/27/2009,,Region IV-A - CALABARZON
14.6803,121.1181,01/09/2023,05:00:00,Region IV-A - CALABARZON
14.6833,120.5333,10/07/2013,,Region III - Central Luzon
14.7012,121.1325,01/09/2023,05:00:00,Region IV-A - CALABARZON
14.7056049,121.2484,24/07/2024,17:05:00,Region IV-A - CALABARZON
14.7064,121.5992,20/01/2021,23:00:00,Region IV-A - CALABARZON
14.7171,121.6171,16/12/2015,23:00:00,Region IV-A - CALABARZON
14.7333,121.6,09/11/2013,,Region IV-A - CALABARZON
14.7559,121.2024,07/23/2014,,Region IV-A - CALABARZON
14.8239,121.1589,12/11/2020,,Region IV-A - CALABARZON
14.8271,120.2685,07/09/2016,,Region III - Central Luzon
14.8304,120.2733,21/09/2024,,Region III - Central Luzon
14.8333,120.2833,06/23/2011,,Region III - Central Luzon
14.836,120.2761,08/30/2011,,Region III - Central Luzon
14.8435,120.2683,10/01/2016,,Region III - Central Luzon
14.8436,121.9694,05/01/2023,07:00:00,Region IV-A - CALABARZON
14.8489,120.2652,07/09/2016,,Region III - Central Luzon
14.8598,121.0701,04/09/2024,,Region III - Central Luzon
14.8753,120.1848,04/09/2024,14:25:00,Region III - Central Luzon
14.8851,120.2329,09/22/2013,,Region III - Central Luzon
14.8977,120.2377,10/18/2010,,Region III - Central Luzon
14.923,121.0246,02/17/2017,,Region III - Central Luzon
14.9715,120.1567,28/08/2023,,Region III - Central Luzon
14.9746,120.2118,04/09/2023,,Region III - Central Luzon
15.0299,120.7805,04/09/2024,,Region III - Central Luzon
15.1718,120.7653,10/12/2013,,Region III - Central Luzon
15.2662,120.2051,09/09/2009,,Region III - Central Luzon
15.596,121.4911,11/11/2020,,Region III - Central Luzon
15.728,121.5989,06/09/2011,,Region III - Central Luzon
15.7833,121.4667,09/07/2017,,Region III - Central Luzon
15.8228,121.4923,05/28/2017,,Region III - Central Luzon
15.8716,120.5739,10/16/2010,,Region I - Ilocos Region
15.954,120.9766,01/02/2011,,Region III - Central Luzon
15.9841,120.2016,05/31/2010,,Region I - Ilocos Region
15.9949,121.6164,10/18/2010,,Region III - Central Luzon
16.0161,120.9637,10/18/2010,,Region III - Central Luzon
16.0309,121.9912,01/12/2014,,Region III - Central Luzon
16.0769,121.7536,11/23/2008,,Region III - Central Luzon
16.1509,120.4502,08/27/2011,,Region I - Ilocos Region
16.2233,121.6572,06/01/2023,,Region II - Cagayan Valley
16.224,120.4506,03/09/2024,17:00:00,Region I - Ilocos Region
16.2244,119.8625,15/07/2023,09:20:00,Region I - Ilocos Region
16.2282,121.1336,06/01/2023,,Region II - Cagayan Valley
16.2334,119.8578,15/07/2023,10:55:00,Region I - Ilocos Region
16.237,119.8052,15/07/2023,17:30:00,Region I - Ilocos Region
16.23854416,120.5171849,13/04/2017,17:00:00,CAR - Cordillera Administrative Region
16.2814,119.887,07/19/2015,,Region I - Ilocos Region
16.2852,120.5811,08/12/2013,,CAR - Cordillera Administrative Region
16.2867,120.5842,07/04/2015,,CAR - Cordillera Administrative Region
16.2867,120.5842,04/07/2015,23:00:00,CAR - Cordillera Administrative Region
16.2882,120.5875,08/27/2014,,CAR - Cordillera Administrative Region
16.2894,120.8579,26/07/2024,,Region II - Cagayan Valley
16.292,120.5941,08/16/2011,,CAR - Cordillera Administrative Region
16.3071,121.9836,11/04/2010,,Region III - Central Luzon
16.316,120.7414,08/20/2008,,CAR - Cordillera Administrative Region
16.3171,120.903,26/07/2024,,Region II - Cagayan Valley
16.3273,120.5753,12/28/2010,,CAR - Cordillera Administrative Region
16.3301,120.8681,26/07/2024,,Region II - Cagayan Valley
16.3335,120.6166,04/29/2010,,CAR - Cordillera Administrative Region
16.3407,120.8928,26/07/2024,,Region II - Cagayan Valley
16.3452,120.689,10/03/2009,,CAR - Cordillera Administrative Region
16.3562,120.8919,26/07/2024,,Region II - Cagayan Valley
16.358,120.8871,21/10/2020,03:30:00,Region II - Cagayan Valley
16.3597,120.5634,08/12/2013,,CAR - Cordillera Administrative Region
16.3602,120.4935,07/19/2015,,CAR - Cordillera Administrative Region
16.3602,120.4935,19/07/2015,07:00:00,CAR - Cordillera Administrative Region
16.3603,120.6757,07/12/2015,,CAR - Cordillera Administrative Region
16.3603,120.6757,12/07/2015,15:00:00,CAR - Cordillera Administrative Region
16.3617,120.8816,26/07/2024,,Region II - Cagayan Valley
16.3642,121.3566,21/10/2020,05:00:00,Region II - Cagayan Valley
16.36626096,120.6312641,01/28/2013,,CAR - Cordillera Administrative Region
16.36626096,120.6312641,24/05/2017,14:00:00,CAR - Cordillera Administrative Region
16.3666,120.6832,08/30/2010,,CAR - Cordillera Administrative Region
16.3671,120.6318,10/18/2010,,CAR - Cordillera Administrative Region
16.3694,120.6059,06/24/2011,,CAR - Cordillera Administrative Region
16.3727,120.6074,10/05/2013,,CAR - Cordillera Administrative Region
16.3782,121.1145,14/09/2024,17:00:00,Region II - Cagayan Valley
16.379,120.6,09/22/2008,,CAR - Cordillera Administrative Region
16.3793,120.9772,18/09/2024,15:24:00,Region II - Cagayan Valley
16.3798,120.6852,10/18/2010,,CAR - Cordillera Administrative Region
16.3802,120.8702,26/07/2024,,Region II - Cagayan Valley
16.3827,120.8969,26/07/2024,,Region II - Cagayan Valley
16.38880281,120.661961,16/09/2018,01:26:00,CAR - Cordillera Administrative Region
16.39,120.66,01/02/2011,,CAR - Cordillera Administrative Region
16.392,120.5996,06/19/2012,,CAR - Cordillera Administrative Region
16.4003,120.5876,05/27/2010,,CAR - Cordillera Administrative Region
16.4016,120.5967,08/28/2010,,CAR - Cordillera Administrative Region
16.402,120.597,10/05/2009,,CAR - Cordillera Administrative Region
16.40331346,120.589519,08/08/2009,,CAR - Cordillera Administrative Region
16.4034,120.5962,10/08/2009,,CAR - Cordillera Administrative Region
16.404676,120.595832,15/08/2016,20:00:00,CAR - Cordillera Administrative Region
16.4072,120.5829,02/07/2009,,CAR - Cordillera Administrative Region
16.4111,16.4111,02/09/2022,18:30:00,Region Not Found
16.41667698,120.9293411,16/09/2018,02:43:00,Region II - Cagayan Valley
16.4168,120.6151,03/09/2022,21:14:00,CAR - Cordillera Administrative Region
16.4185,120.6003,07/13/2015,,CAR - Cordillera Administrative Region
16.4187,120.6868,08/21/2015,,CAR - Cordillera Administrative Region
16.419,120.5832,09/26/2009,,CAR - Cordillera Administrative Region
16.419,120.5832,10/10/2016,23:00:00,CAR - Cordillera Administrative Region
16.4193,120.62,01/23/2011,,CAR - Cordillera Administrative Region
16.4244,120.678,08/19/2013,,CAR - Cordillera Administrative Region
16.4244,120.678,05/23/2011,,CAR - Cordillera Administrative Region
16.4251,121.3239,12/11/2020,02:00:00,Region II - Cagayan Valley
16.426,121.1542,29/10/2022,,Region II - Cagayan Valley
16.426,120.5823,08/20/2008,,CAR - Cordillera Administrative Region
16.427,120.587,09/22/2008,,CAR - Cordillera Administrative Region
16.4286,120.642,02/14/2012,,CAR - Cordillera Administrative Region
16.431356,120.65546,14/10/2017,17:00:00,CAR - Cordillera Administrative Region
16.4471,120.9626,26/07/2024,,Region II - Cagayan Valley
16.4512,120.9173,26/07/2024,,Region II - Cagayan Valley
16.4512,120.5733,10/19/2016,,CAR - Cordillera Administrative Region
16.4512,120.5733,19/10/2016,23:00:00,CAR - Cordillera Administrative Region
16.455,120.56,09/23/2008,,CAR - Cordillera Administrative Region
16.4564,120.5855,10/09/2012,,CAR - Cordillera Administrative Region
16.4597,120.5809,09/14/2014,,CAR - Cordillera Administrative Region
16.4605,120.5765,10/09/2009,,CAR - Cordillera Administrative Region
16.4617,120.5885,21/10/2020,14:30:00,CAR - Cordillera Administrative Region
16.4792,121.0457,17/11/2024,23:00:00,Region II - Cagayan Valley
16.4946,120.6524,10/15/2016,,CAR - Cordillera Administrative Region
16.4992,120.566,10/09/2009,,CAR - Cordillera Administrative Region
16.4996,120.8329,02/03/2011,,CAR - Cordillera Administrative Region
16.5127,120.6336,11/08/2013,,CAR - Cordillera Administrative Region
16.5132,120.8246,07/08/2014,,CAR - Cordillera Administrative Region
16.525,121.028,18/09/2024,18:06:00,Region II - Cagayan Valley
16.5364,120.8512,10/03/2009,,CAR - Cordillera Administrative Region
16.5505,120.8299,11/16/2011,,CAR - Cordillera Administrative Region
16.5545,120.4777,31/05/2023,10:00:00,Region I - Ilocos Region
16.5669,120.839,10/18/2010,,CAR - Cordillera Administrative Region
16.5702,120.5204,03/17/2011,,CAR - Cordillera Administrative Region
16.5713,120.7325,04/22/2016,,CAR - Cordillera Administrative Region
16.5726,120.3783,23/08/2022,18:37:00,Region I - Ilocos Region
16.574445,120.732714,08/30/2016,,CAR - Cordillera Administrative Region
16.5789,120.3843,03/09/2022,16:59:00,Region I - Ilocos Region
16.5806,120.4723,22/08/2022,15:00:00,Region I - Ilocos Region
16.5857,120.4201,10/18/2010,,Region I - Ilocos Region
16.6017,120.3894,03/09/2022,13:32:00,Region I - Ilocos Region
16.6066,120.6202,08/07/2015,,CAR - Cordillera Administrative Region
16.6085,120.6365,05/26/2010,,CAR - Cordillera Administrative Region
16.621,120.4606,03/09/2022,13:00:00,Region I - Ilocos Region
16.6233,120.4867,31/05/2023,16:00:00,Region I - Ilocos Region
16.6341,120.3293,01/06/2023,05:52:00,Region I - Ilocos Region
16.6486,121.0932,17/11/2024,20:40:00,CAR - Cordillera Administrative Region
16.6604,120.9317,08/02/2011,,CAR - Cordillera Administrative Region
16.6619,121.6386,01/07/2012,,Region II - Cagayan Valley
16.6623,120.6663,09/09/2009,,CAR - Cordillera Administrative Region
16.6926,121.8819,29/10/2022,,Region II - Cagayan Valley
16.6962,121.2282,12/11/2020,18:00:00,CAR - Cordillera Administrative Region
16.6962,120.6583,10/20/2016,,CAR - Cordillera Administrative Region
16.7061,121.1089,12/11/2020,,CAR - Cordillera Administrative Region
16.7103,121.8905,29/10/2022,,Region II - Cagayan Valley
16.7118,120.7017,02/09/2023,17:00:00,CAR - Cordillera Administrative Region
16.7132,120.9868,10/16/2016,,CAR - Cordillera Administrative Region
16.7133,120.9878,07/21/2013,,CAR - Cordillera Administrative Region
16.7221,121.0046,01/27/2011,,CAR - Cordillera Administrative Region
16.7259,120.665,10/12/2011,,CAR - Cordillera Administrative Region
16.7432,120.8269,09/26/2009,,CAR - Cordillera Administrative Region
16.7437,120.8269,08/19/2013,,CAR - Cordillera Administrative Region
16.7449,120.8252,10/08/2009,,CAR - Cordillera Administrative Region
16.7515,120.7678,08/21/2015,,CAR - Cordillera Administrative Region
16.7515,120.7678,21/08/2015,04:00:00,CAR - Cordillera Administrative Region
16.7629,120.5108,31/05/2023,11:00:00,Region I - Ilocos Region
16.7667,120.7617,08/19/2013,,CAR - Cordillera Administrative Region
16.7667,120.7617,11/24/2009,,CAR - Cordillera Administrative Region
16.7693,120.8036,10/20/2016,,CAR - Cordillera Administrative Region
16.8237,120.687,10/19/2015,,CAR - Cordillera Administrative Region
16.8336,121.1151,09/29/2009,,CAR - Cordillera Administrative Region
16.8358,121.0017,10/20/2016,,CAR - Cordillera Administrative Region
16.8388,121.0049,21/10/2020,13:00:00,CAR - Cordillera Administrative Region
16.8431,121.1138,11/14/2014,,CAR - Cordillera Administrative Region
16.846255,120.4843,23/07/2024,17:10:00,Region I - Ilocos Region
16.846255,120.4843,24/07/2024,16:15:00,Region I - Ilocos Region
16.846255,120.4843,24/07/2024,22:28:00,Region I - Ilocos Region
16.8504,120.5527,23/07/2024,17:00:00,Region I - Ilocos Region
16.8668,120.7834,22/08/2015,03:00:00,CAR - Cordillera Administrative Region
16.8694,121.1024,09/27/2011,,CAR - Cordillera Administrative Region
16.8787,120.5112,03/09/2022,18:00:00,Region I - Ilocos Region
16.8828,120.7802,12/26/2011,,CAR - Cordillera Administrative Region
16.8937,120.7783,12/07/2010,,CAR - Cordillera Administrative Region
16.8973,120.7978,21/10/2020,12:00:00,CAR - Cordillera Administrative Region
16.9,120.4525,07/20/2011,,Region I - Ilocos Region
16.9266,121.4588,12/11/2020,22:00:00,CAR - Cordillera Administrative Region
16.93278992,121.0732046,08/10/2018,01:26:00,CAR - Cordillera Administrative Region
16.9332,120.4786,02/17/2012,,Region I - Ilocos Region
16.9379,120.9263,12/16/2011,,CAR - Cordillera Administrative Region
16.9413,120.9074,08/09/2011,,CAR - Cordillera Administrative Region
16.9433,120.9099,10/16/2016,,CAR - Cordillera Administrative Region
16.95,122.03,01/08/2017,,Region II - Cagayan Valley
16.95,121.045,10/15/2009,,CAR - Cordillera Administrative Region
16.9619,121.0601,12/11/2020,17:30:00,CAR - Cordillera Administrative Region
16.9623,121.2711,10/18/2010,,CAR - Cordillera Administrative Region
16.9643,120.8163,10/08/2009,,CAR - Cordillera Administrative Region
16.9645,120.8147,10/08/2009,,CAR - Cordillera Administrative Region
16.9648,121.2184,10/18/2010,,CAR - Cordillera Administrative Region
16.9729,120.6294,10/20/2016,,Region I - Ilocos Region
16.976,120.9076,08/21/2015,,CAR - Cordillera Administrative Region
16.9761,120.5281,10/15/2010,,Region I - Ilocos Region
16.9817,121.7753,10/18/2010,,Region II - Cagayan Valley
16.9897,120.7538,07/31/2009,,Region I - Ilocos Region
16.9919,121.1694,11/11/2024,13:00:00,CAR - Cordillera Administrative Region
16.9945,120.8209,06/19/2012,,CAR - Cordillera Administrative Region
16.9959,121.3014,08/20/2008,,CAR - Cordillera Administrative Region
17.0469,120.9358,11/11/2024,16:45:00,CAR - Cordillera Administrative Region
17.079,120.9925,12/24/2013,,CAR - Cordillera Administrative Region
17.0869,120.9762,11/15/2011,,CAR - Cordillera Administrative Region
17.108372,121.144802,08/16/2016,,CAR - Cordillera Administrative Region
17.1246,121.3148,10/08/2009,,CAR - Cordillera Administrative Region
17.1328,120.67606,30/05/2023,19:00:00,Region I - Ilocos Region
17.1452,120.5291,22/07/2024,19:30:00,Region I - Ilocos Region
17.1638,121.0706,21/10/2020,15:00:00,CAR - Cordillera Administrative Region
17.1677,121.8972,20/11/2024,02:00:00,Region II - Cagayan Valley
17.1686,121.048,08/04/2011,,CAR - Cordillera Administrative Region
17.265,121.2088,01/20/2010,,CAR - Cordillera Administrative Region
17.27,121.0536,09/12/2009,,CAR - Cordillera Administrative Region
17.2826,121.1666,10/18/2010,,CAR - Cordillera Administrative Region
17.3064,121.1548,15/10/2016,23:00:00,CAR - Cordillera Administrative Region
17.3349,121.0364,09/12/2009,,CAR - Cordillera Administrative Region
17.3592,121.461,10/18/2010,,CAR - Cordillera Administrative Region
17.4001,121.1628,21/10/2020,15:50:00,CAR - Cordillera Administrative Region
17.4012,121.3034,10/18/2010,,CAR - Cordillera Administrative Region
17.4122,121.4166,06/15/2012,,CAR - Cordillera Administrative Region
17.4147,121.1495,10/18/2010,,CAR - Cordillera Administrative Region
17.4458,121.4196,08/04/2008,,CAR - Cordillera Administrative Region
17.4541,121.2284,10/08/2009,,CAR - Cordillera Administrative Region
17.4612,121.4255,10/18/2010,,CAR - Cordillera Administrative Region
17.487,120.4359,07/15/2015,,Region I - Ilocos Region
17.487,120.4359,15/07/2015,09:00:00,Region I - Ilocos Region
17.4999,121.132,06/19/2012,,CAR - Cordillera Administrative Region
17.5004,121.4292,11/04/2010,,CAR - Cordillera Administrative Region
17.5031,121.2347,12/11/2024,10:15:00,CAR - Cordillera Administrative Region
17.5257,120.3945,23/08/2022,22:00:00,Region I - Ilocos Region
17.5396,120.9956,08/05/2013,,CAR - Cordillera Administrative Region
17.55,120.9456,13/11/2020,10:00:00,CAR - Cordillera Administrative Region
17.5541,121.2368,02/17/2012,,CAR - Cordillera Administrative Region
17.5632,121.218,10/08/2009,,CAR - Cordillera Administrative Region
17.5753,120.89,09/23/2008,,CAR - Cordillera Administrative Region
17.58,120.7744,07/27/2008,,CAR - Cordillera Administrative Region
17.6,121.3667,01/19/2015,,CAR - Cordillera Administrative Region
17.6424,121.3254,04/05/2017,,CAR - Cordillera Administrative Region
17.66553017,121.7882853,15/09/2018,21:51:00,Region II - Cagayan Valley
17.6691,121.7878,29/08/2023,10:00:00,Region II - Cagayan Valley
17.686,121.8726,11/25/2009,,Region II - Cagayan Valley
17.8101,120.9319,11/04/2010,,CAR - Cordillera Administrative Region
17.8171,121.3106,12/17/2010,,Region II - Cagayan Valley
17.8824,120.4802,26/08/2023,05:00:00,Region I - Ilocos Region
17.9001,121.8509,13/11/2020,02:00:00,Region II - Cagayan Valley
17.9069,121.7737,12/11/2020,11:00:00,Region II - Cagayan Valley
17.9209,121.2194,10/08/2009,,CAR - Cordillera Administrative Region
17.97930178,121.9759505,04/11/2019,04:46:00,Region II - Cagayan Valley
18.012,121.171,11/24/2010,,CAR - Cordillera Administrative Region
18.0167,121.1831,10/18/2010,,CAR - Cordillera Administrative Region
18.0976,121.4967,10/11/2020,18:00:00,Region II - Cagayan Valley
18.128,121.579,30/09/2024,06:00:00,Region II - Cagayan Valley
18.1301,121.6802,23/02/2023,10:00:00,Region II - Cagayan Valley
18.1466,121.73,30/08/2023,15:00:00,Region II - Cagayan Valley
18.2,120.65,07/29/2008,,Region I - Ilocos Region
18.2216,121.0489,12/18/2015,,CAR - Cordillera Administrative Region
18.3263,122.2571,20/10/2020,09:00:00,Region II - Cagayan Valley
18.4149,121.0495,11/04/2010,,CAR - Cordillera Administrative Region
18.418,121.0613,10/18/2010,,CAR - Cordillera Administrative Region
18.4281,121.0642,07/28/2013,,CAR - Cordillera Administrative Region
18.4653,121.3413,17/10/2022,11:40:00,Region II - Cagayan Valley
18.4756,121.3335,11/11/2020,08:40:00,Region II - Cagayan Valley
18.4945,120.9932,10/11/2020,17:00:00,Region II - Cagayan Valley
18.5005,120.8417,10/08/2009,,Region I - Ilocos Region
18.5191,120.8757,14/07/2023,13:00:00,Region I - Ilocos Region
18.5601,120.7887,22/08/2022,19:00:00,Region I - Ilocos Region
18.5875,120.8221,10/05/2013,,Region I - Ilocos Region
19.3177,121.4801,25/08/2023,,Region II - Cagayan Valley
20.4336,121.9598,08/11/2024,05:00:00,Region II - Cagayan Valley